INFO: Processing vicav_profile_kalaatsenan.xml...
INFO: Processing vicav_profile_metlaoui.xml...
INFO: Processing vicav_profile_sers.xml...
INFO: Processing vicav_profile_aindraham.xml...
WARNING: /home/danielschopper/data/TUNOCENT/tunocent-content/vicav_profiles/tunocent/vicav_profile_aindraham.xml: Referenced file AinDraham_title.jpg not found
WARNING: /home/danielschopper/data/TUNOCENT/tunocent-content/vicav_profiles/tunocent/vicav_profile_aindraham.xml: Referenced file AinDraham-Kroumir.jpg not found
WARNING: /home/danielschopper/data/TUNOCENT/tunocent-content/vicav_profiles/tunocent/vicav_profile_aindraham.xml: Referenced file AinDraham-Ilona-local.jpg not found
WARNING: /home/danielschopper/data/TUNOCENT/tunocent-content/vicav_profiles/tunocent/vicav_profile_aindraham.xml: Referenced file AinDraham-building.jpg not found
WARNING: /home/danielschopper/data/TUNOCENT/tunocent-content/vicav_profiles/tunocent/vicav_profile_aindraham.xml: Referenced file AinDraham-trees.jpg not found
WARNING: /home/danielschopper/data/TUNOCENT/tunocent-content/vicav_profiles/tunocent/vicav_profile_aindraham.xml: Referenced file AinDraham-Kroumir.jpg not found
WARNING: /home/danielschopper/data/TUNOCENT/tunocent-content/vicav_profiles/tunocent/vicav_profile_aindraham.xml: Referenced file AinDraham-Ilona-local.jpg not found
WARNING: /home/danielschopper/data/TUNOCENT/tunocent-content/vicav_profiles/tunocent/vicav_profile_aindraham.xml: Referenced file AinDraham-building.jpg not found
WARNING: /home/danielschopper/data/TUNOCENT/tunocent-content/vicav_profiles/tunocent/vicav_profile_aindraham.xml: Referenced file AinDraham-trees.jpg not found
INFO: Processing vicav_profile_ainsoltane.xml...
WARNING: /home/danielschopper/data/TUNOCENT/tunocent-content/vicav_profiles/tunocent/vicav_profile_ainsoltane.xml: Referenced file AinSoltane1.jpg not found
INFO: Processing vicav_profile_amaymiya.xml...
WARNING: /home/danielschopper/data/TUNOCENT/tunocent-content/vicav_profiles/tunocent/vicav_profile_amaymiya.xml: Referenced file Amaymiya1.jpg not found
INFO: Processing vicav_profile_amdoun.xml...
WARNING: /home/danielschopper/data/TUNOCENT/tunocent-content/vicav_profiles/tunocent/vicav_profile_amdoun.xml: Referenced file Amdoun1.jpg not found
INFO: Processing vicav_profile_balta.xml...
WARNING: /home/danielschopper/data/TUNOCENT/tunocent-content/vicav_profiles/tunocent/vicav_profile_balta.xml: Referenced file Balta1.jpg not found
WARNING: /home/danielschopper/data/TUNOCENT/tunocent-content/vicav_profiles/tunocent/vicav_profile_balta.xml: Referenced file thumb/IMG_5100.jpg not found
WARNING: /home/danielschopper/data/TUNOCENT/tunocent-content/vicav_profiles/tunocent/vicav_profile_balta.xml: Referenced file thumb/HaneAbirMe.jpg not found
WARNING: /home/danielschopper/data/TUNOCENT/tunocent-content/vicav_profiles/tunocent/vicav_profile_balta.xml: Referenced file thumb/IMG_5667.jpg not found
WARNING: /home/danielschopper/data/TUNOCENT/tunocent-content/vicav_profiles/tunocent/vicav_profile_balta.xml: Referenced file thumb/IMG_5141.jpg not found
WARNING: /home/danielschopper/data/TUNOCENT/tunocent-content/vicav_profiles/tunocent/vicav_profile_balta.xml: Referenced file thumb/IMG_5130.jpg not found
WARNING: /home/danielschopper/data/TUNOCENT/tunocent-content/vicav_profiles/tunocent/vicav_profile_balta.xml: Referenced file thumb/IMG_E5125.jpg not found
WARNING: /home/danielschopper/data/TUNOCENT/tunocent-content/vicav_profiles/tunocent/vicav_profile_balta.xml: Referenced file thumb/IMG_5252.jpg not found
WARNING: /home/danielschopper/data/TUNOCENT/tunocent-content/vicav_profiles/tunocent/vicav_profile_balta.xml: Referenced file thumb/IMG_5224.jpg not found
WARNING: /home/danielschopper/data/TUNOCENT/tunocent-content/vicav_profiles/tunocent/vicav_profile_balta.xml: Referenced file IMG_5100.jpg not found
WARNING: /home/danielschopper/data/TUNOCENT/tunocent-content/vicav_profiles/tunocent/vicav_profile_balta.xml: Referenced file HaneAbirMe.jpg not found
WARNING: /home/danielschopper/data/TUNOCENT/tunocent-content/vicav_profiles/tunocent/vicav_profile_balta.xml: Referenced file IMG_5667.jpg not found
WARNING: /home/danielschopper/data/TUNOCENT/tunocent-content/vicav_profiles/tunocent/vicav_profile_balta.xml: Referenced file IMG_5141.jpg not found
WARNING: /home/danielschopper/data/TUNOCENT/tunocent-content/vicav_profiles/tunocent/vicav_profile_balta.xml: Referenced file IMG_5130.jpg not found
WARNING: /home/danielschopper/data/TUNOCENT/tunocent-content/vicav_profiles/tunocent/vicav_profile_balta.xml: Referenced file IMG_E5125.jpg not found
WARNING: /home/danielschopper/data/TUNOCENT/tunocent-content/vicav_profiles/tunocent/vicav_profile_balta.xml: Referenced file IMG_5252.jpg not found
WARNING: /home/danielschopper/data/TUNOCENT/tunocent-content/vicav_profiles/tunocent/vicav_profile_balta.xml: Referenced file IMG_5224.jpg not found
INFO: Processing vicav_profile_batenghazel.xml...
WARNING: /home/danielschopper/data/TUNOCENT/tunocent-content/vicav_profiles/tunocent/vicav_profile_batenghazel.xml: Referenced file Baten Ghazel1.jpg not found
WARNING: /home/danielschopper/data/TUNOCENT/tunocent-content/vicav_profiles/tunocent/vicav_profile_batenghazel.xml: Referenced file Baten Ghazel2.jpg not found
WARNING: /home/danielschopper/data/TUNOCENT/tunocent-content/vicav_profiles/tunocent/vicav_profile_batenghazel.xml: Referenced file Baten Ghazel3.jpg not found
WARNING: /home/danielschopper/data/TUNOCENT/tunocent-content/vicav_profiles/tunocent/vicav_profile_batenghazel.xml: Referenced file Baten Ghazel4.jpg not found
WARNING: /home/danielschopper/data/TUNOCENT/tunocent-content/vicav_profiles/tunocent/vicav_profile_batenghazel.xml: Referenced file Baten Ghazel5.jpg not found
INFO: Processing vicav_profile_beja.xml...
WARNING: /home/danielschopper/data/TUNOCENT/tunocent-content/vicav_profiles/tunocent/vicav_profile_beja.xml: Referenced file Beja1.jpg not found
WARNING: /home/danielschopper/data/TUNOCENT/tunocent-content/vicav_profiles/tunocent/vicav_profile_beja.xml: Referenced file thumb/Béja_5.jpg not found
WARNING: /home/danielschopper/data/TUNOCENT/tunocent-content/vicav_profiles/tunocent/vicav_profile_beja.xml: Referenced file thumb/Béja_6.jpg not found
WARNING: /home/danielschopper/data/TUNOCENT/tunocent-content/vicav_profiles/tunocent/vicav_profile_beja.xml: Referenced file thumb/béja_.jpg not found
WARNING: /home/danielschopper/data/TUNOCENT/tunocent-content/vicav_profiles/tunocent/vicav_profile_beja.xml: Referenced file thumb/Béja_7.jpg not found
WARNING: /home/danielschopper/data/TUNOCENT/tunocent-content/vicav_profiles/tunocent/vicav_profile_beja.xml: Referenced file Béja_5.jpg not found
WARNING: /home/danielschopper/data/TUNOCENT/tunocent-content/vicav_profiles/tunocent/vicav_profile_beja.xml: Referenced file Béja_6.jpg not found
WARNING: /home/danielschopper/data/TUNOCENT/tunocent-content/vicav_profiles/tunocent/vicav_profile_beja.xml: Referenced file béja_.jpg not found
WARNING: /home/danielschopper/data/TUNOCENT/tunocent-content/vicav_profiles/tunocent/vicav_profile_beja.xml: Referenced file Béja_7.jpg not found
INFO: Processing vicav_profile_birsaad.xml...
WARNING: /home/danielschopper/data/TUNOCENT/tunocent-content/vicav_profiles/tunocent/vicav_profile_birsaad.xml: Referenced file BirSaad_title.jpg not found
WARNING: /home/danielschopper/data/TUNOCENT/tunocent-content/vicav_profiles/tunocent/vicav_profile_birsaad.xml: Referenced file Aslema_Bir_Saad.jpg not found
WARNING: /home/danielschopper/data/TUNOCENT/tunocent-content/vicav_profiles/tunocent/vicav_profile_birsaad.xml: Referenced file BirSaad_Bislema.jpg not found
WARNING: /home/danielschopper/data/TUNOCENT/tunocent-content/vicav_profiles/tunocent/vicav_profile_birsaad.xml: Referenced file School_built_in_1969_(1).jpg not found
WARNING: /home/danielschopper/data/TUNOCENT/tunocent-content/vicav_profiles/tunocent/vicav_profile_birsaad.xml: Referenced file Market_place_(3).jpg not found
WARNING: /home/danielschopper/data/TUNOCENT/tunocent-content/vicav_profiles/tunocent/vicav_profile_birsaad.xml: Referenced file Researcher_Rawaa_with_her_interviewee.jpg not found
WARNING: /home/danielschopper/data/TUNOCENT/tunocent-content/vicav_profiles/tunocent/vicav_profile_birsaad.xml: Referenced file Mosque.jpg not found
WARNING: /home/danielschopper/data/TUNOCENT/tunocent-content/vicav_profiles/tunocent/vicav_profile_birsaad.xml: Referenced file Ruins_(2).jpg not found
WARNING: /home/danielschopper/data/TUNOCENT/tunocent-content/vicav_profiles/tunocent/vicav_profile_birsaad.xml: Referenced file Farming_tools_(3).jpg not found
WARNING: /home/danielschopper/data/TUNOCENT/tunocent-content/vicav_profiles/tunocent/vicav_profile_birsaad.xml: Referenced file Saad's_well_giving_the_place_a_name.jpg not found
WARNING: /home/danielschopper/data/TUNOCENT/tunocent-content/vicav_profiles/tunocent/vicav_profile_birsaad.xml: Referenced file Majen_for_digging_rain_water_(3).jpg not found
WARNING: /home/danielschopper/data/TUNOCENT/tunocent-content/vicav_profiles/tunocent/vicav_profile_birsaad.xml: Referenced file Majen_for_digging_rain_water_(2).jpg not found
WARNING: /home/danielschopper/data/TUNOCENT/tunocent-content/vicav_profiles/tunocent/vicav_profile_birsaad.xml: Referenced file Bazin_dish.jpg not found
WARNING: /home/danielschopper/data/TUNOCENT/tunocent-content/vicav_profiles/tunocent/vicav_profile_birsaad.xml: Referenced file Local_eating_Bazin.jpg not found
WARNING: /home/danielschopper/data/TUNOCENT/tunocent-content/vicav_profiles/tunocent/vicav_profile_birsaad.xml: Referenced file How_people_live.jpg not found
WARNING: /home/danielschopper/data/TUNOCENT/tunocent-content/vicav_profiles/tunocent/vicav_profile_birsaad.xml: Referenced file Traditional_bridal_gown.jpg not found
WARNING: /home/danielschopper/data/TUNOCENT/tunocent-content/vicav_profiles/tunocent/vicav_profile_birsaad.xml: Referenced file Belt_for_the_bridal_gown.jpg not found
WARNING: /home/danielschopper/data/TUNOCENT/tunocent-content/vicav_profiles/tunocent/vicav_profile_birsaad.xml: Referenced file Bridal_pillow_(1).jpg not found
WARNING: /home/danielschopper/data/TUNOCENT/tunocent-content/vicav_profiles/tunocent/vicav_profile_birsaad.xml: Referenced file Bridal_pillow_(3).jpg not found
WARNING: /home/danielschopper/data/TUNOCENT/tunocent-content/vicav_profiles/tunocent/vicav_profile_birsaad.xml: Referenced file handbag_for_the_bride.jpg not found
WARNING: /home/danielschopper/data/TUNOCENT/tunocent-content/vicav_profiles/tunocent/vicav_profile_birsaad.xml: Referenced file Carpet.jpg not found
WARNING: /home/danielschopper/data/TUNOCENT/tunocent-content/vicav_profiles/tunocent/vicav_profile_birsaad.xml: Referenced file Aslema_Bir_Saad.jpg not found
WARNING: /home/danielschopper/data/TUNOCENT/tunocent-content/vicav_profiles/tunocent/vicav_profile_birsaad.xml: Referenced file BirSaad_Bislema.jpg not found
WARNING: /home/danielschopper/data/TUNOCENT/tunocent-content/vicav_profiles/tunocent/vicav_profile_birsaad.xml: Referenced file School_built_in_1969_(1).jpg not found
WARNING: /home/danielschopper/data/TUNOCENT/tunocent-content/vicav_profiles/tunocent/vicav_profile_birsaad.xml: Referenced file Market_place_(3).jpg not found
WARNING: /home/danielschopper/data/TUNOCENT/tunocent-content/vicav_profiles/tunocent/vicav_profile_birsaad.xml: Referenced file Researcher_Rawaa_with_her_interviewee.jpg not found
WARNING: /home/danielschopper/data/TUNOCENT/tunocent-content/vicav_profiles/tunocent/vicav_profile_birsaad.xml: Referenced file Mosque.jpg not found
WARNING: /home/danielschopper/data/TUNOCENT/tunocent-content/vicav_profiles/tunocent/vicav_profile_birsaad.xml: Referenced file Ruins_(2).jpg not found
WARNING: /home/danielschopper/data/TUNOCENT/tunocent-content/vicav_profiles/tunocent/vicav_profile_birsaad.xml: Referenced file Farming_tools_(3).jpg not found
WARNING: /home/danielschopper/data/TUNOCENT/tunocent-content/vicav_profiles/tunocent/vicav_profile_birsaad.xml: Referenced file Saad's_well_giving_the_place_a_name.jpg not found
WARNING: /home/danielschopper/data/TUNOCENT/tunocent-content/vicav_profiles/tunocent/vicav_profile_birsaad.xml: Referenced file Majen_for_digging_rain_water_(3).jpg not found
WARNING: /home/danielschopper/data/TUNOCENT/tunocent-content/vicav_profiles/tunocent/vicav_profile_birsaad.xml: Referenced file Majen_for_digging_rain_water_(2).jpg not found
WARNING: /home/danielschopper/data/TUNOCENT/tunocent-content/vicav_profiles/tunocent/vicav_profile_birsaad.xml: Referenced file Bazin_dish.jpg not found
WARNING: /home/danielschopper/data/TUNOCENT/tunocent-content/vicav_profiles/tunocent/vicav_profile_birsaad.xml: Referenced file Local_eating_Bazin.jpg not found
WARNING: /home/danielschopper/data/TUNOCENT/tunocent-content/vicav_profiles/tunocent/vicav_profile_birsaad.xml: Referenced file How_people_live.jpg not found
WARNING: /home/danielschopper/data/TUNOCENT/tunocent-content/vicav_profiles/tunocent/vicav_profile_birsaad.xml: Referenced file Traditional_bridal_gown.jpg not found
WARNING: /home/danielschopper/data/TUNOCENT/tunocent-content/vicav_profiles/tunocent/vicav_profile_birsaad.xml: Referenced file Belt_for_the_bridal_gown.jpg not found
WARNING: /home/danielschopper/data/TUNOCENT/tunocent-content/vicav_profiles/tunocent/vicav_profile_birsaad.xml: Referenced file Bridal_pillow_(1).jpg not found
WARNING: /home/danielschopper/data/TUNOCENT/tunocent-content/vicav_profiles/tunocent/vicav_profile_birsaad.xml: Referenced file Bridal_pillow_(3).jpg not found
WARNING: /home/danielschopper/data/TUNOCENT/tunocent-content/vicav_profiles/tunocent/vicav_profile_birsaad.xml: Referenced file handbag_for_the_bride.jpg not found
WARNING: /home/danielschopper/data/TUNOCENT/tunocent-content/vicav_profiles/tunocent/vicav_profile_birsaad.xml: Referenced file Carpet.jpg not found
INFO: Processing vicav_profile_bouomrane.xml...
WARNING: /home/danielschopper/data/TUNOCENT/tunocent-content/vicav_profiles/tunocent/vicav_profile_bouomrane.xml: Referenced file BouOmrane1.jpg not found
WARNING: /home/danielschopper/data/TUNOCENT/tunocent-content/vicav_profiles/tunocent/vicav_profile_bouomrane.xml: Referenced file thumb/Mosque_of_Bou_Omrane.jpg not found
WARNING: /home/danielschopper/data/TUNOCENT/tunocent-content/vicav_profiles/tunocent/vicav_profile_bouomrane.xml: Referenced file thumb/The_mountain_village_of_Bou_Omrane_(4).jpg not found
WARNING: /home/danielschopper/data/TUNOCENT/tunocent-content/vicav_profiles/tunocent/vicav_profile_bouomrane.xml: Referenced file thumb/The_mountain_village_of_Bou_Omrane_(9).jpg not found
WARNING: /home/danielschopper/data/TUNOCENT/tunocent-content/vicav_profiles/tunocent/vicav_profile_bouomrane.xml: Referenced file thumb/Street_leading_from_the_old_Bou_Omrane_on_the_mountain_side_to_the_new_Bou_Omrane_at_the_bottom_of_it.jpg not found
WARNING: /home/danielschopper/data/TUNOCENT/tunocent-content/vicav_profiles/tunocent/vicav_profile_bouomrane.xml: Referenced file thumb/St._Saleh_on_the_mountain.jpg not found
WARNING: /home/danielschopper/data/TUNOCENT/tunocent-content/vicav_profiles/tunocent/vicav_profile_bouomrane.xml: Referenced file thumb/Way_to_Bou_Omrane.jpg not found
WARNING: /home/danielschopper/data/TUNOCENT/tunocent-content/vicav_profiles/tunocent/vicav_profile_bouomrane.xml: Referenced file thumb/Old_houses'_remains_(1).jpg not found
WARNING: /home/danielschopper/data/TUNOCENT/tunocent-content/vicav_profiles/tunocent/vicav_profile_bouomrane.xml: Referenced file thumb/Old_houses'_remains_(3).jpg not found
WARNING: /home/danielschopper/data/TUNOCENT/tunocent-content/vicav_profiles/tunocent/vicav_profile_bouomrane.xml: Referenced file thumb/The_mountain_village_of_Bou_Omrane_(8).jpg not found
WARNING: /home/danielschopper/data/TUNOCENT/tunocent-content/vicav_profiles/tunocent/vicav_profile_bouomrane.xml: Referenced file thumb/Old_houses'_remains_(5).jpg not found
WARNING: /home/danielschopper/data/TUNOCENT/tunocent-content/vicav_profiles/tunocent/vicav_profile_bouomrane.xml: Referenced file thumb/Old_houses'_remains_(4).jpg not found
WARNING: /home/danielschopper/data/TUNOCENT/tunocent-content/vicav_profiles/tunocent/vicav_profile_bouomrane.xml: Referenced file thumb/The_mountain_village_of_Bou_Omrane_(6).jpg not found
WARNING: /home/danielschopper/data/TUNOCENT/tunocent-content/vicav_profiles/tunocent/vicav_profile_bouomrane.xml: Referenced file thumb/Local_interviewee_(1).jpg not found
WARNING: /home/danielschopper/data/TUNOCENT/tunocent-content/vicav_profiles/tunocent/vicav_profile_bouomrane.xml: Referenced file thumb/House_of_a_martyr_who_died_under_French_occupation_(1).jpg not found
WARNING: /home/danielschopper/data/TUNOCENT/tunocent-content/vicav_profiles/tunocent/vicav_profile_bouomrane.xml: Referenced file thumb/Houses.jpg not found
WARNING: /home/danielschopper/data/TUNOCENT/tunocent-content/vicav_profiles/tunocent/vicav_profile_bouomrane.xml: Referenced file thumb/Traditional_life_(3).jpg not found
WARNING: /home/danielschopper/data/TUNOCENT/tunocent-content/vicav_profiles/tunocent/vicav_profile_bouomrane.xml: Referenced file thumb/Traditional_life_(7).jpg not found
WARNING: /home/danielschopper/data/TUNOCENT/tunocent-content/vicav_profiles/tunocent/vicav_profile_bouomrane.xml: Referenced file thumb/Traditional_life_(12)_(1).jpg not found
WARNING: /home/danielschopper/data/TUNOCENT/tunocent-content/vicav_profiles/tunocent/vicav_profile_bouomrane.xml: Referenced file thumb/Sheepskin_carpet_serving_as_padded_underlay_for_sleeping_-_still_in_use.jpg not found
WARNING: /home/danielschopper/data/TUNOCENT/tunocent-content/vicav_profiles/tunocent/vicav_profile_bouomrane.xml: Referenced file thumb/Traditional_life_(9).jpg not found
WARNING: /home/danielschopper/data/TUNOCENT/tunocent-content/vicav_profiles/tunocent/vicav_profile_bouomrane.xml: Referenced file thumb/manifactured_underlay_made_of_reed.jpg not found
WARNING: /home/danielschopper/data/TUNOCENT/tunocent-content/vicav_profiles/tunocent/vicav_profile_bouomrane.xml: Referenced file thumb/Traditional_life_(5).jpg not found
WARNING: /home/danielschopper/data/TUNOCENT/tunocent-content/vicav_profiles/tunocent/vicav_profile_bouomrane.xml: Referenced file thumb/Traditional_life_(1).jpg not found
WARNING: /home/danielschopper/data/TUNOCENT/tunocent-content/vicav_profiles/tunocent/vicav_profile_bouomrane.xml: Referenced file thumb/Traditional_life_(8).jpg not found
WARNING: /home/danielschopper/data/TUNOCENT/tunocent-content/vicav_profiles/tunocent/vicav_profile_bouomrane.xml: Referenced file Mosque_of_Bou_Omrane.jpg not found
WARNING: /home/danielschopper/data/TUNOCENT/tunocent-content/vicav_profiles/tunocent/vicav_profile_bouomrane.xml: Referenced file The_mountain_village_of_Bou_Omrane_(4).jpg not found
WARNING: /home/danielschopper/data/TUNOCENT/tunocent-content/vicav_profiles/tunocent/vicav_profile_bouomrane.xml: Referenced file The_mountain_village_of_Bou_Omrane_(9).jpg not found
WARNING: /home/danielschopper/data/TUNOCENT/tunocent-content/vicav_profiles/tunocent/vicav_profile_bouomrane.xml: Referenced file Street_leading_from_the_old_Bou_Omrane_on_the_mountain_side_to_the_new_Bou_Omrane_at_the_bottom_of_it.jpg not found
WARNING: /home/danielschopper/data/TUNOCENT/tunocent-content/vicav_profiles/tunocent/vicav_profile_bouomrane.xml: Referenced file St._Saleh_on_the_mountain.jpg not found
WARNING: /home/danielschopper/data/TUNOCENT/tunocent-content/vicav_profiles/tunocent/vicav_profile_bouomrane.xml: Referenced file Way_to_Bou_Omrane.jpg not found
WARNING: /home/danielschopper/data/TUNOCENT/tunocent-content/vicav_profiles/tunocent/vicav_profile_bouomrane.xml: Referenced file Old_houses'_remains_(1).jpg not found
WARNING: /home/danielschopper/data/TUNOCENT/tunocent-content/vicav_profiles/tunocent/vicav_profile_bouomrane.xml: Referenced file Old_houses'_remains_(3).jpg not found
WARNING: /home/danielschopper/data/TUNOCENT/tunocent-content/vicav_profiles/tunocent/vicav_profile_bouomrane.xml: Referenced file The_mountain_village_of_Bou_Omrane_(8).jpg not found
WARNING: /home/danielschopper/data/TUNOCENT/tunocent-content/vicav_profiles/tunocent/vicav_profile_bouomrane.xml: Referenced file Old_houses'_remains_(5).jpg not found
WARNING: /home/danielschopper/data/TUNOCENT/tunocent-content/vicav_profiles/tunocent/vicav_profile_bouomrane.xml: Referenced file Old_houses'_remains_(4).jpg not found
WARNING: /home/danielschopper/data/TUNOCENT/tunocent-content/vicav_profiles/tunocent/vicav_profile_bouomrane.xml: Referenced file The_mountain_village_of_Bou_Omrane_(6).jpg not found
WARNING: /home/danielschopper/data/TUNOCENT/tunocent-content/vicav_profiles/tunocent/vicav_profile_bouomrane.xml: Referenced file Local_interviewee_(1).jpg not found
WARNING: /home/danielschopper/data/TUNOCENT/tunocent-content/vicav_profiles/tunocent/vicav_profile_bouomrane.xml: Referenced file House_of_a_martyr_who_died_under_French_occupation_(1).jpg not found
WARNING: /home/danielschopper/data/TUNOCENT/tunocent-content/vicav_profiles/tunocent/vicav_profile_bouomrane.xml: Referenced file Houses.jpg not found
WARNING: /home/danielschopper/data/TUNOCENT/tunocent-content/vicav_profiles/tunocent/vicav_profile_bouomrane.xml: Referenced file Traditional_life_(3).jpg not found
WARNING: /home/danielschopper/data/TUNOCENT/tunocent-content/vicav_profiles/tunocent/vicav_profile_bouomrane.xml: Referenced file Traditional_life_(7).jpg not found
WARNING: /home/danielschopper/data/TUNOCENT/tunocent-content/vicav_profiles/tunocent/vicav_profile_bouomrane.xml: Referenced file Traditional_life_(12)_(1).jpg not found
WARNING: /home/danielschopper/data/TUNOCENT/tunocent-content/vicav_profiles/tunocent/vicav_profile_bouomrane.xml: Referenced file Sheepskin_carpet_serving_as_padded_underlay_for_sleeping_-_still_in_use.jpg not found
WARNING: /home/danielschopper/data/TUNOCENT/tunocent-content/vicav_profiles/tunocent/vicav_profile_bouomrane.xml: Referenced file Traditional_life_(9).jpg not found
WARNING: /home/danielschopper/data/TUNOCENT/tunocent-content/vicav_profiles/tunocent/vicav_profile_bouomrane.xml: Referenced file manifactured_underlay_made_of_reed.jpg not found
WARNING: /home/danielschopper/data/TUNOCENT/tunocent-content/vicav_profiles/tunocent/vicav_profile_bouomrane.xml: Referenced file Traditional_life_(5).jpg not found
WARNING: /home/danielschopper/data/TUNOCENT/tunocent-content/vicav_profiles/tunocent/vicav_profile_bouomrane.xml: Referenced file Traditional_life_(1).jpg not found
WARNING: /home/danielschopper/data/TUNOCENT/tunocent-content/vicav_profiles/tunocent/vicav_profile_bouomrane.xml: Referenced file Traditional_life_(8).jpg not found
INFO: Processing vicav_profile_bousaad.xml...
WARNING: /home/danielschopper/data/TUNOCENT/tunocent-content/vicav_profiles/tunocent/vicav_profile_bousaad.xml: Referenced file BouSaad1.jpg not found
WARNING: /home/danielschopper/data/TUNOCENT/tunocent-content/vicav_profiles/tunocent/vicav_profile_bousaad.xml: Referenced file thumb/School.jpg not found
WARNING: /home/danielschopper/data/TUNOCENT/tunocent-content/vicav_profiles/tunocent/vicav_profile_bousaad.xml: Referenced file thumb/School_(1).jpg not found
WARNING: /home/danielschopper/data/TUNOCENT/tunocent-content/vicav_profiles/tunocent/vicav_profile_bousaad.xml: Referenced file thumb/School_(2).jpg not found
WARNING: /home/danielschopper/data/TUNOCENT/tunocent-content/vicav_profiles/tunocent/vicav_profile_bousaad.xml: Referenced file thumb/Settlement_on_the_mountain.jpg not found
WARNING: /home/danielschopper/data/TUNOCENT/tunocent-content/vicav_profiles/tunocent/vicav_profile_bousaad.xml: Referenced file thumb/Settlement_on_the_mountain_(3).jpg not found
WARNING: /home/danielschopper/data/TUNOCENT/tunocent-content/vicav_profiles/tunocent/vicav_profile_bousaad.xml: Referenced file thumb/Settlement_on_the_mountain_(1).jpg not found
WARNING: /home/danielschopper/data/TUNOCENT/tunocent-content/vicav_profiles/tunocent/vicav_profile_bousaad.xml: Referenced file thumb/Tomb_of_Sidi_Saleh_(1).jpg not found
WARNING: /home/danielschopper/data/TUNOCENT/tunocent-content/vicav_profiles/tunocent/vicav_profile_bousaad.xml: Referenced file thumb/Tomb_of_Sidi_Saleh_(2).jpg not found
WARNING: /home/danielschopper/data/TUNOCENT/tunocent-content/vicav_profiles/tunocent/vicav_profile_bousaad.xml: Referenced file thumb/Tomb_of_Sidi_Saleh_(3).jpg not found
WARNING: /home/danielschopper/data/TUNOCENT/tunocent-content/vicav_profiles/tunocent/vicav_profile_bousaad.xml: Referenced file thumb/Berber_woman_with_traditional_tattoos.jpg not found
WARNING: /home/danielschopper/data/TUNOCENT/tunocent-content/vicav_profiles/tunocent/vicav_profile_bousaad.xml: Referenced file thumb/Riding_equipment.jpg not found
WARNING: /home/danielschopper/data/TUNOCENT/tunocent-content/vicav_profiles/tunocent/vicav_profile_bousaad.xml: Referenced file thumb/Cleaning_tools.jpg not found
WARNING: /home/danielschopper/data/TUNOCENT/tunocent-content/vicav_profiles/tunocent/vicav_profile_bousaad.xml: Referenced file School.jpg not found
WARNING: /home/danielschopper/data/TUNOCENT/tunocent-content/vicav_profiles/tunocent/vicav_profile_bousaad.xml: Referenced file School_(1).jpg not found
WARNING: /home/danielschopper/data/TUNOCENT/tunocent-content/vicav_profiles/tunocent/vicav_profile_bousaad.xml: Referenced file School_(2).jpg not found
WARNING: /home/danielschopper/data/TUNOCENT/tunocent-content/vicav_profiles/tunocent/vicav_profile_bousaad.xml: Referenced file Settlement_on_the_mountain.jpg not found
WARNING: /home/danielschopper/data/TUNOCENT/tunocent-content/vicav_profiles/tunocent/vicav_profile_bousaad.xml: Referenced file Settlement_on_the_mountain_(3).jpg not found
WARNING: /home/danielschopper/data/TUNOCENT/tunocent-content/vicav_profiles/tunocent/vicav_profile_bousaad.xml: Referenced file Settlement_on_the_mountain_(1).jpg not found
WARNING: /home/danielschopper/data/TUNOCENT/tunocent-content/vicav_profiles/tunocent/vicav_profile_bousaad.xml: Referenced file Tomb_of_Sidi_Saleh_(1).jpg not found
WARNING: /home/danielschopper/data/TUNOCENT/tunocent-content/vicav_profiles/tunocent/vicav_profile_bousaad.xml: Referenced file Tomb_of_Sidi_Saleh_(2).jpg not found
WARNING: /home/danielschopper/data/TUNOCENT/tunocent-content/vicav_profiles/tunocent/vicav_profile_bousaad.xml: Referenced file Tomb_of_Sidi_Saleh_(3).jpg not found
WARNING: /home/danielschopper/data/TUNOCENT/tunocent-content/vicav_profiles/tunocent/vicav_profile_bousaad.xml: Referenced file Berber_woman_with_traditional_tattoos.jpg not found
WARNING: /home/danielschopper/data/TUNOCENT/tunocent-content/vicav_profiles/tunocent/vicav_profile_bousaad.xml: Referenced file Riding_equipment.jpg not found
WARNING: /home/danielschopper/data/TUNOCENT/tunocent-content/vicav_profiles/tunocent/vicav_profile_bousaad.xml: Referenced file Cleaning_tools.jpg not found
INFO: Processing vicav_profile_dahmani.xml...
WARNING: /home/danielschopper/data/TUNOCENT/tunocent-content/vicav_profiles/tunocent/vicav_profile_dahmani.xml: Referenced file DAHMANI_title.jpg not found
WARNING: /home/danielschopper/data/TUNOCENT/tunocent-content/vicav_profiles/tunocent/vicav_profile_dahmani.xml: Referenced file thumb/DAHMANI_barcha-bisklet_Ali-scaled.jpg not found
WARNING: /home/danielschopper/data/TUNOCENT/tunocent-content/vicav_profiles/tunocent/vicav_profile_dahmani.xml: Referenced file thumb/DAHMANI_barcha-bisklet-1-scaled.jpg not found
WARNING: /home/danielschopper/data/TUNOCENT/tunocent-content/vicav_profiles/tunocent/vicav_profile_dahmani.xml: Referenced file thumb/DAHMANI_barcha-bisklet-5-scaled.jpg not found
WARNING: /home/danielschopper/data/TUNOCENT/tunocent-content/vicav_profiles/tunocent/vicav_profile_dahmani.xml: Referenced file thumb/DAHMANI_barcha-bisklet-7-scaled.jpg not found
WARNING: /home/danielschopper/data/TUNOCENT/tunocent-content/vicav_profiles/tunocent/vicav_profile_dahmani.xml: Referenced file thumb/DAHMANI_barcha-bisklet-8-scaled.jpg not found
WARNING: /home/danielschopper/data/TUNOCENT/tunocent-content/vicav_profiles/tunocent/vicav_profile_dahmani.xml: Referenced file thumb/DAHMANI_barcha-bisklet-9-scaled.jpg not found
WARNING: /home/danielschopper/data/TUNOCENT/tunocent-content/vicav_profiles/tunocent/vicav_profile_dahmani.xml: Referenced file thumb/DAHMANI_barcha-bisklet-10-scaled.jpg not found
WARNING: /home/danielschopper/data/TUNOCENT/tunocent-content/vicav_profiles/tunocent/vicav_profile_dahmani.xml: Referenced file thumb/DAHMANI_barcha-bisklet-11-scaled.jpg not found
WARNING: /home/danielschopper/data/TUNOCENT/tunocent-content/vicav_profiles/tunocent/vicav_profile_dahmani.xml: Referenced file thumb/DAHMANI_barcha-bisklet-12-scaled.jpg not found
WARNING: /home/danielschopper/data/TUNOCENT/tunocent-content/vicav_profiles/tunocent/vicav_profile_dahmani.xml: Referenced file thumb/DAHMANI-RIF-Ausflug-nach-Mdayna-8-scaled.jpg not found
WARNING: /home/danielschopper/data/TUNOCENT/tunocent-content/vicav_profiles/tunocent/vicav_profile_dahmani.xml: Referenced file thumb/IMG_20190917_103739099.jpg not found
WARNING: /home/danielschopper/data/TUNOCENT/tunocent-content/vicav_profiles/tunocent/vicav_profile_dahmani.xml: Referenced file thumb/IMG_20190917_111937415_HDR.jpg not found
WARNING: /home/danielschopper/data/TUNOCENT/tunocent-content/vicav_profiles/tunocent/vicav_profile_dahmani.xml: Referenced file thumb/IMG_20190917_103054463.jpg not found
WARNING: /home/danielschopper/data/TUNOCENT/tunocent-content/vicav_profiles/tunocent/vicav_profile_dahmani.xml: Referenced file thumb/IMG_20190917_120339241.jpg not found
WARNING: /home/danielschopper/data/TUNOCENT/tunocent-content/vicav_profiles/tunocent/vicav_profile_dahmani.xml: Referenced file thumb/IMG_20190917_112116187.jpg not found
WARNING: /home/danielschopper/data/TUNOCENT/tunocent-content/vicav_profiles/tunocent/vicav_profile_dahmani.xml: Referenced file thumb/IMG_20190917_111110031.jpg not found
WARNING: /home/danielschopper/data/TUNOCENT/tunocent-content/vicav_profiles/tunocent/vicav_profile_dahmani.xml: Referenced file IMG_20190917_102745560.jpg not found
WARNING: /home/danielschopper/data/TUNOCENT/tunocent-content/vicav_profiles/tunocent/vicav_profile_dahmani.xml: Referenced file DAHMANI_barcha-bisklet_Ali-scaled.jpg not found
WARNING: /home/danielschopper/data/TUNOCENT/tunocent-content/vicav_profiles/tunocent/vicav_profile_dahmani.xml: Referenced file DAHMANI_barcha-bisklet-1-scaled.jpg not found
WARNING: /home/danielschopper/data/TUNOCENT/tunocent-content/vicav_profiles/tunocent/vicav_profile_dahmani.xml: Referenced file DAHMANI_barcha-bisklet-5-scaled.jpg not found
WARNING: /home/danielschopper/data/TUNOCENT/tunocent-content/vicav_profiles/tunocent/vicav_profile_dahmani.xml: Referenced file DAHMANI_barcha-bisklet-7-scaled.jpg not found
WARNING: /home/danielschopper/data/TUNOCENT/tunocent-content/vicav_profiles/tunocent/vicav_profile_dahmani.xml: Referenced file DAHMANI_barcha-bisklet-8-scaled.jpg not found
WARNING: /home/danielschopper/data/TUNOCENT/tunocent-content/vicav_profiles/tunocent/vicav_profile_dahmani.xml: Referenced file DAHMANI_barcha-bisklet-9-scaled.jpg not found
WARNING: /home/danielschopper/data/TUNOCENT/tunocent-content/vicav_profiles/tunocent/vicav_profile_dahmani.xml: Referenced file DAHMANI_barcha-bisklet-10-scaled.jpg not found
WARNING: /home/danielschopper/data/TUNOCENT/tunocent-content/vicav_profiles/tunocent/vicav_profile_dahmani.xml: Referenced file DAHMANI_barcha-bisklet-11-scaled.jpg not found
WARNING: /home/danielschopper/data/TUNOCENT/tunocent-content/vicav_profiles/tunocent/vicav_profile_dahmani.xml: Referenced file DAHMANI_barcha-bisklet-12-scaled.jpg not found
WARNING: /home/danielschopper/data/TUNOCENT/tunocent-content/vicav_profiles/tunocent/vicav_profile_dahmani.xml: Referenced file DAHMANI-RIF-Ausflug-nach-Mdayna-8-scaled.jpg not found
WARNING: /home/danielschopper/data/TUNOCENT/tunocent-content/vicav_profiles/tunocent/vicav_profile_dahmani.xml: Referenced file IMG_20190917_103739099.jpg not found
WARNING: /home/danielschopper/data/TUNOCENT/tunocent-content/vicav_profiles/tunocent/vicav_profile_dahmani.xml: Referenced file IMG_20190917_111937415_HDR.jpg not found
WARNING: /home/danielschopper/data/TUNOCENT/tunocent-content/vicav_profiles/tunocent/vicav_profile_dahmani.xml: Referenced file IMG_20190917_103054463.jpg not found
WARNING: /home/danielschopper/data/TUNOCENT/tunocent-content/vicav_profiles/tunocent/vicav_profile_dahmani.xml: Referenced file IMG_20190917_120339241.jpg not found
WARNING: /home/danielschopper/data/TUNOCENT/tunocent-content/vicav_profiles/tunocent/vicav_profile_dahmani.xml: Referenced file IMG_20190917_112116187.jpg not found
WARNING: /home/danielschopper/data/TUNOCENT/tunocent-content/vicav_profiles/tunocent/vicav_profile_dahmani.xml: Referenced file IMG_20190917_111110031.jpg not found
WARNING: /home/danielschopper/data/TUNOCENT/tunocent-content/vicav_profiles/tunocent/vicav_profile_dahmani.xml: Referenced file IMG_20190917_102745560.jpg not found
INFO: Processing vicav_profile_douara.xml...
WARNING: /home/danielschopper/data/TUNOCENT/tunocent-content/vicav_profiles/tunocent/vicav_profile_douara.xml: Referenced file Douara1.jpg not found
WARNING: /home/danielschopper/data/TUNOCENT/tunocent-content/vicav_profiles/tunocent/vicav_profile_douara.xml: Referenced file Douara2.jpg not found
WARNING: /home/danielschopper/data/TUNOCENT/tunocent-content/vicav_profiles/tunocent/vicav_profile_douara.xml: Referenced file Douara3.jpg not found
INFO: Processing vicav_profile_dougga.xml...
WARNING: /home/danielschopper/data/TUNOCENT/tunocent-content/vicav_profiles/tunocent/vicav_profile_dougga.xml: Referenced file Dougga1.jpg not found
INFO: Processing vicav_profile_drija.xml...
WARNING: /home/danielschopper/data/TUNOCENT/tunocent-content/vicav_profiles/tunocent/vicav_profile_drija.xml: Referenced file Drija1.jpg not found
INFO: Processing vicav_profile_fajjtin.xml...
WARNING: /home/danielschopper/data/TUNOCENT/tunocent-content/vicav_profiles/tunocent/vicav_profile_fajjtin.xml: Referenced file FajjTin1.jpg not found
WARNING: /home/danielschopper/data/TUNOCENT/tunocent-content/vicav_profiles/tunocent/vicav_profile_fajjtin.xml: Referenced file FajjTin2.jpg not found
WARNING: /home/danielschopper/data/TUNOCENT/tunocent-content/vicav_profiles/tunocent/vicav_profile_fajjtin.xml: Referenced file FajjTin3.png not found
INFO: Processing vicav_profile_farshshih.xml...
WARNING: /home/danielschopper/data/TUNOCENT/tunocent-content/vicav_profiles/tunocent/vicav_profile_farshshih.xml: Referenced file FarshShih1.jpg not found
WARNING: /home/danielschopper/data/TUNOCENT/tunocent-content/vicav_profiles/tunocent/vicav_profile_farshshih.xml: Referenced file FarshShih2.jpg not found
WARNING: /home/danielschopper/data/TUNOCENT/tunocent-content/vicav_profiles/tunocent/vicav_profile_farshshih.xml: Referenced file FarshShih3.jpg not found
WARNING: /home/danielschopper/data/TUNOCENT/tunocent-content/vicav_profiles/tunocent/vicav_profile_farshshih.xml: Referenced file FarshShih4.jpg not found
WARNING: /home/danielschopper/data/TUNOCENT/tunocent-content/vicav_profiles/tunocent/vicav_profile_farshshih.xml: Referenced file FarshShih5.jpg not found
INFO: Processing vicav_profile_feriana.xml...
WARNING: /home/danielschopper/data/TUNOCENT/tunocent-content/vicav_profiles/tunocent/vicav_profile_feriana.xml: Referenced file Feriana1.jpg not found
WARNING: /home/danielschopper/data/TUNOCENT/tunocent-content/vicav_profiles/tunocent/vicav_profile_feriana.xml: Referenced file Feriana2.jpg not found
WARNING: /home/danielschopper/data/TUNOCENT/tunocent-content/vicav_profiles/tunocent/vicav_profile_feriana.xml: Referenced file Feriana3.jpg not found
WARNING: /home/danielschopper/data/TUNOCENT/tunocent-content/vicav_profiles/tunocent/vicav_profile_feriana.xml: Referenced file Feriana4.jpg not found
WARNING: /home/danielschopper/data/TUNOCENT/tunocent-content/vicav_profiles/tunocent/vicav_profile_feriana.xml: Referenced file Feriana5.jpg not found
INFO: Processing vicav_profile_frikhat.xml...
WARNING: /home/danielschopper/data/TUNOCENT/tunocent-content/vicav_profiles/tunocent/vicav_profile_frikhat.xml: Referenced file Frikhat1.jpg not found
WARNING: /home/danielschopper/data/TUNOCENT/tunocent-content/vicav_profiles/tunocent/vicav_profile_frikhat.xml: Referenced file Frikhat2.jpg not found
INFO: Processing vicav_profile_gafsa.xml...
WARNING: /home/danielschopper/data/TUNOCENT/tunocent-content/vicav_profiles/tunocent/vicav_profile_gafsa.xml: Referenced file Gafsa1.jpg not found
WARNING: /home/danielschopper/data/TUNOCENT/tunocent-content/vicav_profiles/tunocent/vicav_profile_gafsa.xml: Referenced file Gafsa-cat.jpg not found
WARNING: /home/danielschopper/data/TUNOCENT/tunocent-content/vicav_profiles/tunocent/vicav_profile_gafsa.xml: Referenced file Gafsa-tree.jpg not found
WARNING: /home/danielschopper/data/TUNOCENT/tunocent-content/vicav_profiles/tunocent/vicav_profile_gafsa.xml: Referenced file Gafsa-horse.jpg not found
WARNING: /home/danielschopper/data/TUNOCENT/tunocent-content/vicav_profiles/tunocent/vicav_profile_gafsa.xml: Referenced file Gafsa-street-bath.jpg not found
WARNING: /home/danielschopper/data/TUNOCENT/tunocent-content/vicav_profiles/tunocent/vicav_profile_gafsa.xml: Referenced file Gafsa-bath.jpg not found
WARNING: /home/danielschopper/data/TUNOCENT/tunocent-content/vicav_profiles/tunocent/vicav_profile_gafsa.xml: Referenced file Gafsa-bath2.jpg not found
WARNING: /home/danielschopper/data/TUNOCENT/tunocent-content/vicav_profiles/tunocent/vicav_profile_gafsa.xml: Referenced file Gafsa-mosque-sign.jpg not found
WARNING: /home/danielschopper/data/TUNOCENT/tunocent-content/vicav_profiles/tunocent/vicav_profile_gafsa.xml: Referenced file Gafsa-mosque.jpg not found
WARNING: /home/danielschopper/data/TUNOCENT/tunocent-content/vicav_profiles/tunocent/vicav_profile_gafsa.xml: Referenced file Gafsa-mosque-spring.jpg not found
WARNING: /home/danielschopper/data/TUNOCENT/tunocent-content/vicav_profiles/tunocent/vicav_profile_gafsa.xml: Referenced file Gafsa-roundabout.jpg not found
WARNING: /home/danielschopper/data/TUNOCENT/tunocent-content/vicav_profiles/tunocent/vicav_profile_gafsa.xml: Referenced file Gafsa-house.jpg not found
WARNING: /home/danielschopper/data/TUNOCENT/tunocent-content/vicav_profiles/tunocent/vicav_profile_gafsa.xml: Referenced file Gafsa-local.jpg not found
WARNING: /home/danielschopper/data/TUNOCENT/tunocent-content/vicav_profiles/tunocent/vicav_profile_gafsa.xml: Referenced file Gafsa-street.jpg not found
WARNING: /home/danielschopper/data/TUNOCENT/tunocent-content/vicav_profiles/tunocent/vicav_profile_gafsa.xml: Referenced file Gafsa-cat.jpg not found
WARNING: /home/danielschopper/data/TUNOCENT/tunocent-content/vicav_profiles/tunocent/vicav_profile_gafsa.xml: Referenced file Gafsa-tree.jpg not found
WARNING: /home/danielschopper/data/TUNOCENT/tunocent-content/vicav_profiles/tunocent/vicav_profile_gafsa.xml: Referenced file Gafsa-horse.jpg not found
WARNING: /home/danielschopper/data/TUNOCENT/tunocent-content/vicav_profiles/tunocent/vicav_profile_gafsa.xml: Referenced file Gafsa-street-bath.jpg not found
WARNING: /home/danielschopper/data/TUNOCENT/tunocent-content/vicav_profiles/tunocent/vicav_profile_gafsa.xml: Referenced file Gafsa-bath.jpg not found
WARNING: /home/danielschopper/data/TUNOCENT/tunocent-content/vicav_profiles/tunocent/vicav_profile_gafsa.xml: Referenced file Gafsa-bath2.jpg not found
WARNING: /home/danielschopper/data/TUNOCENT/tunocent-content/vicav_profiles/tunocent/vicav_profile_gafsa.xml: Referenced file Gafsa-mosque-sign.jpg not found
WARNING: /home/danielschopper/data/TUNOCENT/tunocent-content/vicav_profiles/tunocent/vicav_profile_gafsa.xml: Referenced file Gafsa-mosque.jpg not found
WARNING: /home/danielschopper/data/TUNOCENT/tunocent-content/vicav_profiles/tunocent/vicav_profile_gafsa.xml: Referenced file Gafsa-mosque-spring.jpg not found
WARNING: /home/danielschopper/data/TUNOCENT/tunocent-content/vicav_profiles/tunocent/vicav_profile_gafsa.xml: Referenced file Gafsa-roundabout.jpg not found
WARNING: /home/danielschopper/data/TUNOCENT/tunocent-content/vicav_profiles/tunocent/vicav_profile_gafsa.xml: Referenced file Gafsa-house.jpg not found
WARNING: /home/danielschopper/data/TUNOCENT/tunocent-content/vicav_profiles/tunocent/vicav_profile_gafsa.xml: Referenced file Gafsa-local.jpg not found
WARNING: /home/danielschopper/data/TUNOCENT/tunocent-content/vicav_profiles/tunocent/vicav_profile_gafsa.xml: Referenced file Gafsa-street.jpg not found
INFO: Processing vicav_profile_garia.xml...
WARNING: /home/danielschopper/data/TUNOCENT/tunocent-content/vicav_profiles/tunocent/vicav_profile_garia.xml: Referenced file GariaShamaliya_title.jpg not found
WARNING: /home/danielschopper/data/TUNOCENT/tunocent-content/vicav_profiles/tunocent/vicav_profile_garia.xml: Referenced file GariaShamaliya-6-scaled.jpg not found
WARNING: /home/danielschopper/data/TUNOCENT/tunocent-content/vicav_profiles/tunocent/vicav_profile_garia.xml: Referenced file GariaShamaliya-3.jpg not found
WARNING: /home/danielschopper/data/TUNOCENT/tunocent-content/vicav_profiles/tunocent/vicav_profile_garia.xml: Referenced file GariaShamaliya-scaled.jpg not found
WARNING: /home/danielschopper/data/TUNOCENT/tunocent-content/vicav_profiles/tunocent/vicav_profile_garia.xml: Referenced file GariaShamaliya-2-300x122.jpg not found
WARNING: /home/danielschopper/data/TUNOCENT/tunocent-content/vicav_profiles/tunocent/vicav_profile_garia.xml: Referenced file GariaShamaliya-6-scaled.jpg not found
WARNING: /home/danielschopper/data/TUNOCENT/tunocent-content/vicav_profiles/tunocent/vicav_profile_garia.xml: Referenced file GariaShamaliya-3.jpg not found
WARNING: /home/danielschopper/data/TUNOCENT/tunocent-content/vicav_profiles/tunocent/vicav_profile_garia.xml: Referenced file GariaShamaliya-scaled.jpg not found
WARNING: /home/danielschopper/data/TUNOCENT/tunocent-content/vicav_profiles/tunocent/vicav_profile_garia.xml: Referenced file GariaShamaliya-2-scaled.jpg not found
INFO: Processing vicav_profile_gboullat.xml...
WARNING: /home/danielschopper/data/TUNOCENT/tunocent-content/vicav_profiles/tunocent/vicav_profile_gboullat.xml: Referenced file Gboullat1.jpg not found
WARNING: /home/danielschopper/data/TUNOCENT/tunocent-content/vicav_profiles/tunocent/vicav_profile_gboullat.xml: Referenced file Gboullat2.jpg not found
WARNING: /home/danielschopper/data/TUNOCENT/tunocent-content/vicav_profiles/tunocent/vicav_profile_gboullat.xml: Referenced file Gboullat3.jpg not found
WARNING: /home/danielschopper/data/TUNOCENT/tunocent-content/vicav_profiles/tunocent/vicav_profile_gboullat.xml: Referenced file Gboullat4.jpg not found
WARNING: /home/danielschopper/data/TUNOCENT/tunocent-content/vicav_profiles/tunocent/vicav_profile_gboullat.xml: Referenced file Gboullat5.jpg not found
WARNING: /home/danielschopper/data/TUNOCENT/tunocent-content/vicav_profiles/tunocent/vicav_profile_gboullat.xml: Referenced file Gboullat6.jpg not found
WARNING: /home/danielschopper/data/TUNOCENT/tunocent-content/vicav_profiles/tunocent/vicav_profile_gboullat.xml: Referenced file Gboullat7.jpg not found
WARNING: /home/danielschopper/data/TUNOCENT/tunocent-content/vicav_profiles/tunocent/vicav_profile_gboullat.xml: Referenced file Gboullat8.jpg not found
WARNING: /home/danielschopper/data/TUNOCENT/tunocent-content/vicav_profiles/tunocent/vicav_profile_gboullat.xml: Referenced file Gboullat9.jpg not found
WARNING: /home/danielschopper/data/TUNOCENT/tunocent-content/vicav_profiles/tunocent/vicav_profile_gboullat.xml: Referenced file Gboullat10.jpg not found
INFO: Processing vicav_profile_gobrar.xml...
WARNING: /home/danielschopper/data/TUNOCENT/tunocent-content/vicav_profiles/tunocent/vicav_profile_gobrar.xml: Referenced file Gobrar1.jpg not found
WARNING: /home/danielschopper/data/TUNOCENT/tunocent-content/vicav_profiles/tunocent/vicav_profile_gobrar.xml: Referenced file Gobrar2.jpg not found
WARNING: /home/danielschopper/data/TUNOCENT/tunocent-content/vicav_profiles/tunocent/vicav_profile_gobrar.xml: Referenced file Gobrar3.jpg not found
WARNING: /home/danielschopper/data/TUNOCENT/tunocent-content/vicav_profiles/tunocent/vicav_profile_gobrar.xml: Referenced file Gobrar4.jpg not found
WARNING: /home/danielschopper/data/TUNOCENT/tunocent-content/vicav_profiles/tunocent/vicav_profile_gobrar.xml: Referenced file Gobrar5.jpg not found
WARNING: /home/danielschopper/data/TUNOCENT/tunocent-content/vicav_profiles/tunocent/vicav_profile_gobrar.xml: Referenced file Gobrar6.jpg not found
INFO: Processing vicav_profile_guettar.xml...
WARNING: /home/danielschopper/data/TUNOCENT/tunocent-content/vicav_profiles/tunocent/vicav_profile_guettar.xml: Referenced file Guettar_title.jpg not found
WARNING: /home/danielschopper/data/TUNOCENT/tunocent-content/vicav_profiles/tunocent/vicav_profile_guettar.xml: Referenced file IMG_20190825_091549199-1-scaled.jpg not found
WARNING: /home/danielschopper/data/TUNOCENT/tunocent-content/vicav_profiles/tunocent/vicav_profile_guettar.xml: Referenced file IMG_20190825_092317412-scaled.jpg not found
WARNING: /home/danielschopper/data/TUNOCENT/tunocent-content/vicav_profiles/tunocent/vicav_profile_guettar.xml: Referenced file IMG_20190824_103558119-1-scaled.jpg not found
WARNING: /home/danielschopper/data/TUNOCENT/tunocent-content/vicav_profiles/tunocent/vicav_profile_guettar.xml: Referenced file IMG_20190824_090315598-scaled.jpg not found
WARNING: /home/danielschopper/data/TUNOCENT/tunocent-content/vicav_profiles/tunocent/vicav_profile_guettar.xml: Referenced file IMG_20190824_111649504-scaled.jpg not found
WARNING: /home/danielschopper/data/TUNOCENT/tunocent-content/vicav_profiles/tunocent/vicav_profile_guettar.xml: Referenced file IMG_20190824_111816861-scaled.jpg not found
WARNING: /home/danielschopper/data/TUNOCENT/tunocent-content/vicav_profiles/tunocent/vicav_profile_guettar.xml: Referenced file IMG_20190829_090946792-scaled.jpg not found
WARNING: /home/danielschopper/data/TUNOCENT/tunocent-content/vicav_profiles/tunocent/vicav_profile_guettar.xml: Referenced file IMG_20190824_101914929-scaled.jpg not found
WARNING: /home/danielschopper/data/TUNOCENT/tunocent-content/vicav_profiles/tunocent/vicav_profile_guettar.xml: Referenced file IMG_20190824_121522323-scaled.jpg not found
WARNING: /home/danielschopper/data/TUNOCENT/tunocent-content/vicav_profiles/tunocent/vicav_profile_guettar.xml: Referenced file IMG_20190824_082147426-scaled.jpg not found
WARNING: /home/danielschopper/data/TUNOCENT/tunocent-content/vicav_profiles/tunocent/vicav_profile_guettar.xml: Referenced file IMG_20190824_102036342-scaled.jpg not found
WARNING: /home/danielschopper/data/TUNOCENT/tunocent-content/vicav_profiles/tunocent/vicav_profile_guettar.xml: Referenced file IMG_20190824_101906894-scaled.jpg not found
WARNING: /home/danielschopper/data/TUNOCENT/tunocent-content/vicav_profiles/tunocent/vicav_profile_guettar.xml: Referenced file IMG_20190826_105126837-scaled.jpg not found
WARNING: /home/danielschopper/data/TUNOCENT/tunocent-content/vicav_profiles/tunocent/vicav_profile_guettar.xml: Referenced file IMG_20190826_104835123-scaled.jpg not found
WARNING: /home/danielschopper/data/TUNOCENT/tunocent-content/vicav_profiles/tunocent/vicav_profile_guettar.xml: Referenced file IMG_20190824_102058123-scaled.jpg not found
WARNING: /home/danielschopper/data/TUNOCENT/tunocent-content/vicav_profiles/tunocent/vicav_profile_guettar.xml: Referenced file IMG_20190824_191856077-scaled.jpg not found
WARNING: /home/danielschopper/data/TUNOCENT/tunocent-content/vicav_profiles/tunocent/vicav_profile_guettar.xml: Referenced file IMG_20190828_100041164-scaled.jpg not found
WARNING: /home/danielschopper/data/TUNOCENT/tunocent-content/vicav_profiles/tunocent/vicav_profile_guettar.xml: Referenced file IMG_20190828_100331624-scaled.jpg not found
WARNING: /home/danielschopper/data/TUNOCENT/tunocent-content/vicav_profiles/tunocent/vicav_profile_guettar.xml: Referenced file Guettar-dough.jpg not found
WARNING: /home/danielschopper/data/TUNOCENT/tunocent-content/vicav_profiles/tunocent/vicav_profile_guettar.xml: Referenced file Guettar-prepare.jpg not found
WARNING: /home/danielschopper/data/TUNOCENT/tunocent-content/vicav_profiles/tunocent/vicav_profile_guettar.xml: Referenced file Guettar-leaves.jpg not found
WARNING: /home/danielschopper/data/TUNOCENT/tunocent-content/vicav_profiles/tunocent/vicav_profile_guettar.xml: Referenced file Guettar-couscous.jpg not found
WARNING: /home/danielschopper/data/TUNOCENT/tunocent-content/vicav_profiles/tunocent/vicav_profile_guettar.xml: Referenced file Guettar-mtabga.jpg not found
WARNING: /home/danielschopper/data/TUNOCENT/tunocent-content/vicav_profiles/tunocent/vicav_profile_guettar.xml: Referenced file Guettar-mtabga2.jpg not found
WARNING: /home/danielschopper/data/TUNOCENT/tunocent-content/vicav_profiles/tunocent/vicav_profile_guettar.xml: Referenced file Guettar-mtabga3.jpg not found
WARNING: /home/danielschopper/data/TUNOCENT/tunocent-content/vicav_profiles/tunocent/vicav_profile_guettar.xml: Referenced file Guettar-couscous2.jpg not found
WARNING: /home/danielschopper/data/TUNOCENT/tunocent-content/vicav_profiles/tunocent/vicav_profile_guettar.xml: Referenced file Guettar-palm.jpg not found
WARNING: /home/danielschopper/data/TUNOCENT/tunocent-content/vicav_profiles/tunocent/vicav_profile_guettar.xml: Referenced file IMG_20190824_120404363-1-scaled.jpg not found
WARNING: /home/danielschopper/data/TUNOCENT/tunocent-content/vicav_profiles/tunocent/vicav_profile_guettar.xml: Referenced file IMG_20190828_190449485-scaled.jpg not found
WARNING: /home/danielschopper/data/TUNOCENT/tunocent-content/vicav_profiles/tunocent/vicav_profile_guettar.xml: Referenced file IMG_20190824_195910713-scaled.jpg not found
WARNING: /home/danielschopper/data/TUNOCENT/tunocent-content/vicav_profiles/tunocent/vicav_profile_guettar.xml: Referenced file IMG_20190824_195806482-scaled.jpg not found
WARNING: /home/danielschopper/data/TUNOCENT/tunocent-content/vicav_profiles/tunocent/vicav_profile_guettar.xml: Referenced file IMG_20190824_120746569-scaled.jpg not found
WARNING: /home/danielschopper/data/TUNOCENT/tunocent-content/vicav_profiles/tunocent/vicav_profile_guettar.xml: Referenced file Guettar-shrine.jpg not found
WARNING: /home/danielschopper/data/TUNOCENT/tunocent-content/vicav_profiles/tunocent/vicav_profile_guettar.xml: Referenced file Guettar-roof.jpg not found
WARNING: /home/danielschopper/data/TUNOCENT/tunocent-content/vicav_profiles/tunocent/vicav_profile_guettar.xml: Referenced file Guettar-shrine-desc.jpg not found
WARNING: /home/danielschopper/data/TUNOCENT/tunocent-content/vicav_profiles/tunocent/vicav_profile_guettar.xml: Referenced file Guettar-shrine-desc2.jpg not found
WARNING: /home/danielschopper/data/TUNOCENT/tunocent-content/vicav_profiles/tunocent/vicav_profile_guettar.xml: Referenced file Guettar-shrine-desc3.jpg not found
WARNING: /home/danielschopper/data/TUNOCENT/tunocent-content/vicav_profiles/tunocent/vicav_profile_guettar.xml: Referenced file Guettar-golden-plaque.jpg not found
WARNING: /home/danielschopper/data/TUNOCENT/tunocent-content/vicav_profiles/tunocent/vicav_profile_guettar.xml: Referenced file Guettar-flags.jpg not found
WARNING: /home/danielschopper/data/TUNOCENT/tunocent-content/vicav_profiles/tunocent/vicav_profile_guettar.xml: Referenced file Guettar-carpets.jpg not found
WARNING: /home/danielschopper/data/TUNOCENT/tunocent-content/vicav_profiles/tunocent/vicav_profile_guettar.xml: Referenced file Guettar-shrine-yard.jpg not found
WARNING: /home/danielschopper/data/TUNOCENT/tunocent-content/vicav_profiles/tunocent/vicav_profile_guettar.xml: Referenced file IMG_20190825_091549199-1-scaled.jpg not found
WARNING: /home/danielschopper/data/TUNOCENT/tunocent-content/vicav_profiles/tunocent/vicav_profile_guettar.xml: Referenced file IMG_20190825_092317412-scaled.jpg not found
WARNING: /home/danielschopper/data/TUNOCENT/tunocent-content/vicav_profiles/tunocent/vicav_profile_guettar.xml: Referenced file IMG_20190824_103558119-1-scaled.jpg not found
WARNING: /home/danielschopper/data/TUNOCENT/tunocent-content/vicav_profiles/tunocent/vicav_profile_guettar.xml: Referenced file IMG_20190824_090315598-scaled.jpg not found
WARNING: /home/danielschopper/data/TUNOCENT/tunocent-content/vicav_profiles/tunocent/vicav_profile_guettar.xml: Referenced file IMG_20190824_111649504-scaled.jpg not found
WARNING: /home/danielschopper/data/TUNOCENT/tunocent-content/vicav_profiles/tunocent/vicav_profile_guettar.xml: Referenced file IMG_20190824_111816861-scaled.jpg not found
WARNING: /home/danielschopper/data/TUNOCENT/tunocent-content/vicav_profiles/tunocent/vicav_profile_guettar.xml: Referenced file IMG_20190829_090946792-scaled.jpg not found
WARNING: /home/danielschopper/data/TUNOCENT/tunocent-content/vicav_profiles/tunocent/vicav_profile_guettar.xml: Referenced file IMG_20190824_101914929-scaled.jpg not found
WARNING: /home/danielschopper/data/TUNOCENT/tunocent-content/vicav_profiles/tunocent/vicav_profile_guettar.xml: Referenced file IMG_20190824_121522323-scaled.jpg not found
WARNING: /home/danielschopper/data/TUNOCENT/tunocent-content/vicav_profiles/tunocent/vicav_profile_guettar.xml: Referenced file IMG_20190824_082147426-scaled.jpg not found
WARNING: /home/danielschopper/data/TUNOCENT/tunocent-content/vicav_profiles/tunocent/vicav_profile_guettar.xml: Referenced file IMG_20190824_102036342-scaled.jpg not found
WARNING: /home/danielschopper/data/TUNOCENT/tunocent-content/vicav_profiles/tunocent/vicav_profile_guettar.xml: Referenced file IMG_20190824_101906894-scaled.jpg not found
WARNING: /home/danielschopper/data/TUNOCENT/tunocent-content/vicav_profiles/tunocent/vicav_profile_guettar.xml: Referenced file IMG_20190826_105126837-scaled.jpg not found
WARNING: /home/danielschopper/data/TUNOCENT/tunocent-content/vicav_profiles/tunocent/vicav_profile_guettar.xml: Referenced file IMG_20190826_104835123-scaled.jpg not found
WARNING: /home/danielschopper/data/TUNOCENT/tunocent-content/vicav_profiles/tunocent/vicav_profile_guettar.xml: Referenced file IMG_20190824_102058123-scaled.jpg not found
WARNING: /home/danielschopper/data/TUNOCENT/tunocent-content/vicav_profiles/tunocent/vicav_profile_guettar.xml: Referenced file IMG_20190824_191856077-scaled.jpg not found
WARNING: /home/danielschopper/data/TUNOCENT/tunocent-content/vicav_profiles/tunocent/vicav_profile_guettar.xml: Referenced file IMG_20190828_100041164-scaled.jpg not found
WARNING: /home/danielschopper/data/TUNOCENT/tunocent-content/vicav_profiles/tunocent/vicav_profile_guettar.xml: Referenced file IMG_20190828_100331624-scaled.jpg not found
WARNING: /home/danielschopper/data/TUNOCENT/tunocent-content/vicav_profiles/tunocent/vicav_profile_guettar.xml: Referenced file Guettar-dough.jpg not found
WARNING: /home/danielschopper/data/TUNOCENT/tunocent-content/vicav_profiles/tunocent/vicav_profile_guettar.xml: Referenced file Guettar-prepare.jpg not found
WARNING: /home/danielschopper/data/TUNOCENT/tunocent-content/vicav_profiles/tunocent/vicav_profile_guettar.xml: Referenced file Guettar-leaves.jpg not found
WARNING: /home/danielschopper/data/TUNOCENT/tunocent-content/vicav_profiles/tunocent/vicav_profile_guettar.xml: Referenced file Guettar-couscous.jpg not found
WARNING: /home/danielschopper/data/TUNOCENT/tunocent-content/vicav_profiles/tunocent/vicav_profile_guettar.xml: Referenced file Guettar-mtabga.jpg not found
WARNING: /home/danielschopper/data/TUNOCENT/tunocent-content/vicav_profiles/tunocent/vicav_profile_guettar.xml: Referenced file Guettar-mtabga2.jpg not found
WARNING: /home/danielschopper/data/TUNOCENT/tunocent-content/vicav_profiles/tunocent/vicav_profile_guettar.xml: Referenced file Guettar-mtabga3.jpg not found
WARNING: /home/danielschopper/data/TUNOCENT/tunocent-content/vicav_profiles/tunocent/vicav_profile_guettar.xml: Referenced file Guettar-couscous2.jpg not found
WARNING: /home/danielschopper/data/TUNOCENT/tunocent-content/vicav_profiles/tunocent/vicav_profile_guettar.xml: Referenced file Guettar-palm.jpg not found
WARNING: /home/danielschopper/data/TUNOCENT/tunocent-content/vicav_profiles/tunocent/vicav_profile_guettar.xml: Referenced file IMG_20190824_120404363-1-scaled.jpg not found
WARNING: /home/danielschopper/data/TUNOCENT/tunocent-content/vicav_profiles/tunocent/vicav_profile_guettar.xml: Referenced file IMG_20190828_190449485-scaled.jpg not found
WARNING: /home/danielschopper/data/TUNOCENT/tunocent-content/vicav_profiles/tunocent/vicav_profile_guettar.xml: Referenced file IMG_20190824_195910713-scaled.jpg not found
WARNING: /home/danielschopper/data/TUNOCENT/tunocent-content/vicav_profiles/tunocent/vicav_profile_guettar.xml: Referenced file IMG_20190824_195806482-scaled.jpg not found
WARNING: /home/danielschopper/data/TUNOCENT/tunocent-content/vicav_profiles/tunocent/vicav_profile_guettar.xml: Referenced file IMG_20190824_120746569-scaled.jpg not found
WARNING: /home/danielschopper/data/TUNOCENT/tunocent-content/vicav_profiles/tunocent/vicav_profile_guettar.xml: Referenced file Guettar-shrine.jpg not found
WARNING: /home/danielschopper/data/TUNOCENT/tunocent-content/vicav_profiles/tunocent/vicav_profile_guettar.xml: Referenced file Guettar-roof.jpg not found
WARNING: /home/danielschopper/data/TUNOCENT/tunocent-content/vicav_profiles/tunocent/vicav_profile_guettar.xml: Referenced file Guettar-shrine-desc.jpg not found
WARNING: /home/danielschopper/data/TUNOCENT/tunocent-content/vicav_profiles/tunocent/vicav_profile_guettar.xml: Referenced file Guettar-shrine-desc2.jpg not found
WARNING: /home/danielschopper/data/TUNOCENT/tunocent-content/vicav_profiles/tunocent/vicav_profile_guettar.xml: Referenced file Guettar-shrine-desc3.jpg not found
WARNING: /home/danielschopper/data/TUNOCENT/tunocent-content/vicav_profiles/tunocent/vicav_profile_guettar.xml: Referenced file Guettar-golden-plaque.jpg not found
WARNING: /home/danielschopper/data/TUNOCENT/tunocent-content/vicav_profiles/tunocent/vicav_profile_guettar.xml: Referenced file Guettar-flags.jpg not found
WARNING: /home/danielschopper/data/TUNOCENT/tunocent-content/vicav_profiles/tunocent/vicav_profile_guettar.xml: Referenced file Guettar-carpets.jpg not found
WARNING: /home/danielschopper/data/TUNOCENT/tunocent-content/vicav_profiles/tunocent/vicav_profile_guettar.xml: Referenced file Guettar-shrine-yard.jpg not found
INFO: Processing vicav_profile_haidra.xml...
WARNING: /home/danielschopper/data/TUNOCENT/tunocent-content/vicav_profiles/tunocent/vicav_profile_haidra.xml: Referenced file Haidra1.jpg not found
INFO: Processing vicav_profile_hassifrid.xml...
WARNING: /home/danielschopper/data/TUNOCENT/tunocent-content/vicav_profiles/tunocent/vicav_profile_hassifrid.xml: Referenced file HassiFrid1.jpg not found
WARNING: /home/danielschopper/data/TUNOCENT/tunocent-content/vicav_profiles/tunocent/vicav_profile_hassifrid.xml: Referenced file HassiFrid2.jpg not found
INFO: Processing vicav_profile_hbabsa.xml...
WARNING: /home/danielschopper/data/TUNOCENT/tunocent-content/vicav_profiles/tunocent/vicav_profile_hbabsa.xml: Referenced file Hbabsa1.jpg not found
WARNING: /home/danielschopper/data/TUNOCENT/tunocent-content/vicav_profiles/tunocent/vicav_profile_hbabsa.xml: Referenced file Hbabsa6.jpg not found
INFO: Processing vicav_profile_heri.xml...
WARNING: /home/danielschopper/data/TUNOCENT/tunocent-content/vicav_profiles/tunocent/vicav_profile_heri.xml: Referenced file Heri1.jpg not found
WARNING: /home/danielschopper/data/TUNOCENT/tunocent-content/vicav_profiles/tunocent/vicav_profile_heri.xml: Referenced file Heri2.jpg not found
WARNING: /home/danielschopper/data/TUNOCENT/tunocent-content/vicav_profiles/tunocent/vicav_profile_heri.xml: Referenced file Heri3.jpg not found
INFO: Processing vicav_profile_houaidia.xml...
WARNING: /home/danielschopper/data/TUNOCENT/tunocent-content/vicav_profiles/tunocent/vicav_profile_houaidia.xml: Referenced file Houaidia1.jpg not found
INFO: Processing vicav_profile_hsinette.xml...
WARNING: /home/danielschopper/data/TUNOCENT/tunocent-content/vicav_profiles/tunocent/vicav_profile_hsinette.xml: Referenced file Hsinette1.jpg not found
WARNING: /home/danielschopper/data/TUNOCENT/tunocent-content/vicav_profiles/tunocent/vicav_profile_hsinette.xml: Referenced file Hsinette2.jpg not found
INFO: Processing vicav_profile_jabbes.xml...
WARNING: /home/danielschopper/data/TUNOCENT/tunocent-content/vicav_profiles/tunocent/vicav_profile_jabbes.xml: Referenced file Jabbes1.jpg not found
WARNING: /home/danielschopper/data/TUNOCENT/tunocent-content/vicav_profiles/tunocent/vicav_profile_jabbes.xml: Referenced file Cactuses_in_the_landscape_of_Jabbes.jpg not found
WARNING: /home/danielschopper/data/TUNOCENT/tunocent-content/vicav_profiles/tunocent/vicav_profile_jabbes.xml: Referenced file Houses_5.jpg not found
WARNING: /home/danielschopper/data/TUNOCENT/tunocent-content/vicav_profiles/tunocent/vicav_profile_jabbes.xml: Referenced file Cactusus_and_mountains_(3).jpg not found
WARNING: /home/danielschopper/data/TUNOCENT/tunocent-content/vicav_profiles/tunocent/vicav_profile_jabbes.xml: Referenced file animals.jpg not found
WARNING: /home/danielschopper/data/TUNOCENT/tunocent-content/vicav_profiles/tunocent/vicav_profile_jabbes.xml: Referenced file Cactuses,_trees_and_mountains.jpg not found
WARNING: /home/danielschopper/data/TUNOCENT/tunocent-content/vicav_profiles/tunocent/vicav_profile_jabbes.xml: Referenced file Mountains_of_Jabbes_7.jpg not found
WARNING: /home/danielschopper/data/TUNOCENT/tunocent-content/vicav_profiles/tunocent/vicav_profile_jabbes.xml: Referenced file Mountains_of_Jabbes_5.jpg not found
WARNING: /home/danielschopper/data/TUNOCENT/tunocent-content/vicav_profiles/tunocent/vicav_profile_jabbes.xml: Referenced file Mountains_of_Jabbes_3.jpg not found
WARNING: /home/danielschopper/data/TUNOCENT/tunocent-content/vicav_profiles/tunocent/vicav_profile_jabbes.xml: Referenced file Cactuses_in_the_landscape_of_Jabbes.jpg not found
WARNING: /home/danielschopper/data/TUNOCENT/tunocent-content/vicav_profiles/tunocent/vicav_profile_jabbes.xml: Referenced file Houses_5.jpg not found
WARNING: /home/danielschopper/data/TUNOCENT/tunocent-content/vicav_profiles/tunocent/vicav_profile_jabbes.xml: Referenced file Cactusus_and_mountains_(3).jpg not found
WARNING: /home/danielschopper/data/TUNOCENT/tunocent-content/vicav_profiles/tunocent/vicav_profile_jabbes.xml: Referenced file animals.jpg not found
WARNING: /home/danielschopper/data/TUNOCENT/tunocent-content/vicav_profiles/tunocent/vicav_profile_jabbes.xml: Referenced file Cactuses,_trees_and_mountains.jpg not found
WARNING: /home/danielschopper/data/TUNOCENT/tunocent-content/vicav_profiles/tunocent/vicav_profile_jabbes.xml: Referenced file Mountains_of_Jabbes_7.jpg not found
WARNING: /home/danielschopper/data/TUNOCENT/tunocent-content/vicav_profiles/tunocent/vicav_profile_jabbes.xml: Referenced file Mountains_of_Jabbes_5.jpg not found
WARNING: /home/danielschopper/data/TUNOCENT/tunocent-content/vicav_profiles/tunocent/vicav_profile_jabbes.xml: Referenced file Mountains_of_Jabbes_3.jpg not found
INFO: Processing vicav_profile_jendouba.xml...
WARNING: /home/danielschopper/data/TUNOCENT/tunocent-content/vicav_profiles/tunocent/vicav_profile_jendouba.xml: Referenced file Jendouba1.jpg not found
INFO: Processing vicav_profile_kabbara.xml...
WARNING: /home/danielschopper/data/TUNOCENT/tunocent-content/vicav_profiles/tunocent/vicav_profile_kabbara.xml: Referenced file Kabbara1.jpg not found
WARNING: /home/danielschopper/data/TUNOCENT/tunocent-content/vicav_profiles/tunocent/vicav_profile_kabbara.xml: Referenced file Kabbara2.jpg not found
WARNING: /home/danielschopper/data/TUNOCENT/tunocent-content/vicav_profiles/tunocent/vicav_profile_kabbara.xml: Referenced file Kabbara3.jpg not found
WARNING: /home/danielschopper/data/TUNOCENT/tunocent-content/vicav_profiles/tunocent/vicav_profile_kabbara.xml: Referenced file Kabbara4.jpg not found
WARNING: /home/danielschopper/data/TUNOCENT/tunocent-content/vicav_profiles/tunocent/vicav_profile_kabbara.xml: Referenced file Kabbara5.jpg not found
WARNING: /home/danielschopper/data/TUNOCENT/tunocent-content/vicav_profiles/tunocent/vicav_profile_kabbara.xml: Referenced file Kabbara6.jpg not found
WARNING: /home/danielschopper/data/TUNOCENT/tunocent-content/vicav_profiles/tunocent/vicav_profile_kabbara.xml: Referenced file Kabbara7.jpg not found
INFO: Processing vicav_profile_kasserine.xml...
WARNING: /home/danielschopper/data/TUNOCENT/tunocent-content/vicav_profiles/tunocent/vicav_profile_kasserine.xml: Referenced file Kasserine1.jpg not found
WARNING: /home/danielschopper/data/TUNOCENT/tunocent-content/vicav_profiles/tunocent/vicav_profile_kasserine.xml: Referenced file Kasserine2.jpg not found
INFO: Processing vicav_profile_kef.xml...
WARNING: /home/danielschopper/data/TUNOCENT/tunocent-content/vicav_profiles/tunocent/vicav_profile_kef.xml: Referenced file Kef1.jpg not found
WARNING: /home/danielschopper/data/TUNOCENT/tunocent-content/vicav_profiles/tunocent/vicav_profile_kef.xml: Referenced file thumb/Kef-centre.jpg not found
WARNING: /home/danielschopper/data/TUNOCENT/tunocent-content/vicav_profiles/tunocent/vicav_profile_kef.xml: Referenced file Kef-centre-2.jpg not found
WARNING: /home/danielschopper/data/TUNOCENT/tunocent-content/vicav_profiles/tunocent/vicav_profile_kef.xml: Referenced file Kef-centre-cafe.jpg not found
WARNING: /home/danielschopper/data/TUNOCENT/tunocent-content/vicav_profiles/tunocent/vicav_profile_kef.xml: Referenced file Kef-centre-wall.jpg not found
WARNING: /home/danielschopper/data/TUNOCENT/tunocent-content/vicav_profiles/tunocent/vicav_profile_kef.xml: Referenced file Kef-centre-flora.jpg not found
WARNING: /home/danielschopper/data/TUNOCENT/tunocent-content/vicav_profiles/tunocent/vicav_profile_kef.xml: Referenced file Kef-centre-themepark.jpg not found
WARNING: /home/danielschopper/data/TUNOCENT/tunocent-content/vicav_profiles/tunocent/vicav_profile_kef.xml: Referenced file Kef-centre-qadriyya.jpg not found
WARNING: /home/danielschopper/data/TUNOCENT/tunocent-content/vicav_profiles/tunocent/vicav_profile_kef.xml: Referenced file Kef-centre-Ali-bin-Saleh.jpg not found
WARNING: /home/danielschopper/data/TUNOCENT/tunocent-content/vicav_profiles/tunocent/vicav_profile_kef.xml: Referenced file Kef-centre-people-thursday.jpg not found
WARNING: /home/danielschopper/data/TUNOCENT/tunocent-content/vicav_profiles/tunocent/vicav_profile_kef.xml: Referenced file Kef-centre-carpet.jpg not found
WARNING: /home/danielschopper/data/TUNOCENT/tunocent-content/vicav_profiles/tunocent/vicav_profile_kef.xml: Referenced file Kef-centre-pepper.jpg not found
WARNING: /home/danielschopper/data/TUNOCENT/tunocent-content/vicav_profiles/tunocent/vicav_profile_kef.xml: Referenced file Kef-centre-mlewi.jpg not found
WARNING: /home/danielschopper/data/TUNOCENT/tunocent-content/vicav_profiles/tunocent/vicav_profile_kef.xml: Referenced file Kef-centre-museum.jpg not found
WARNING: /home/danielschopper/data/TUNOCENT/tunocent-content/vicav_profiles/tunocent/vicav_profile_kef.xml: Referenced file Kef-centre-museum2.jpg not found
WARNING: /home/danielschopper/data/TUNOCENT/tunocent-content/vicav_profiles/tunocent/vicav_profile_kef.xml: Referenced file Kef-centre-clothes.jpg not found
WARNING: /home/danielschopper/data/TUNOCENT/tunocent-content/vicav_profiles/tunocent/vicav_profile_kef.xml: Referenced file Kef-centre-mathaf.jpg not found
WARNING: /home/danielschopper/data/TUNOCENT/tunocent-content/vicav_profiles/tunocent/vicav_profile_kef.xml: Referenced file Kef-roman-bath.jpg not found
WARNING: /home/danielschopper/data/TUNOCENT/tunocent-content/vicav_profiles/tunocent/vicav_profile_kef.xml: Referenced file Kef-Franzi-bath.jpg not found
WARNING: /home/danielschopper/data/TUNOCENT/tunocent-content/vicav_profiles/tunocent/vicav_profile_kef.xml: Referenced file Kef-flowers.jpg not found
WARNING: /home/danielschopper/data/TUNOCENT/tunocent-content/vicav_profiles/tunocent/vicav_profile_kef.xml: Referenced file Kef-baths-2.jpg not found
WARNING: /home/danielschopper/data/TUNOCENT/tunocent-content/vicav_profiles/tunocent/vicav_profile_kef.xml: Referenced file Kef-kasba.jpg not found
WARNING: /home/danielschopper/data/TUNOCENT/tunocent-content/vicav_profiles/tunocent/vicav_profile_kef.xml: Referenced file Kef-kasba-guns.jpg not found
WARNING: /home/danielschopper/data/TUNOCENT/tunocent-content/vicav_profiles/tunocent/vicav_profile_kef.xml: Referenced file Kef-kasba-entrance.jpg not found
WARNING: /home/danielschopper/data/TUNOCENT/tunocent-content/vicav_profiles/tunocent/vicav_profile_kef.xml: Referenced file Kef-kasba-view.jpg not found
WARNING: /home/danielschopper/data/TUNOCENT/tunocent-content/vicav_profiles/tunocent/vicav_profile_kef.xml: Referenced file Kef-kasba-guns-view.jpg not found
WARNING: /home/danielschopper/data/TUNOCENT/tunocent-content/vicav_profiles/tunocent/vicav_profile_kef.xml: Referenced file Kef-kasba-night.jpg not found
WARNING: /home/danielschopper/data/TUNOCENT/tunocent-content/vicav_profiles/tunocent/vicav_profile_kef.xml: Referenced file Kef-synagogue-road.jpg not found
WARNING: /home/danielschopper/data/TUNOCENT/tunocent-content/vicav_profiles/tunocent/vicav_profile_kef.xml: Referenced file Kef-synagogue-entrance.jpg not found
WARNING: /home/danielschopper/data/TUNOCENT/tunocent-content/vicav_profiles/tunocent/vicav_profile_kef.xml: Referenced file Kef-synagogue-yard.jpg not found
WARNING: /home/danielschopper/data/TUNOCENT/tunocent-content/vicav_profiles/tunocent/vicav_profile_kef.xml: Referenced file Kef-synagogue-inside.jpg not found
WARNING: /home/danielschopper/data/TUNOCENT/tunocent-content/vicav_profiles/tunocent/vicav_profile_kef.xml: Referenced file Kef-cemeteries.jpg not found
WARNING: /home/danielschopper/data/TUNOCENT/tunocent-content/vicav_profiles/tunocent/vicav_profile_kef.xml: Referenced file Kef-makhlouf-sign.jpg not found
WARNING: /home/danielschopper/data/TUNOCENT/tunocent-content/vicav_profiles/tunocent/vicav_profile_kef.xml: Referenced file Kef-makhlouf-door.jpg not found
WARNING: /home/danielschopper/data/TUNOCENT/tunocent-content/vicav_profiles/tunocent/vicav_profile_kef.xml: Referenced file Kef-makhlouf-tomb.jpg not found
WARNING: /home/danielschopper/data/TUNOCENT/tunocent-content/vicav_profiles/tunocent/vicav_profile_kef.xml: Referenced file Kef-makhlouf-tomb-2.jpg not found
WARNING: /home/danielschopper/data/TUNOCENT/tunocent-content/vicav_profiles/tunocent/vicav_profile_kef.xml: Referenced file Kef-graffiti-makhlouf.jpg not found
WARNING: /home/danielschopper/data/TUNOCENT/tunocent-content/vicav_profiles/tunocent/vicav_profile_kef.xml: Referenced file Kef-graffiti-bird.jpg not found
WARNING: /home/danielschopper/data/TUNOCENT/tunocent-content/vicav_profiles/tunocent/vicav_profile_kef.xml: Referenced file Kef-graffiti-calligraphy.jpg not found
WARNING: /home/danielschopper/data/TUNOCENT/tunocent-content/vicav_profiles/tunocent/vicav_profile_kef.xml: Referenced file Kef-graffiti-calligraphy-2.jpg not found
WARNING: /home/danielschopper/data/TUNOCENT/tunocent-content/vicav_profiles/tunocent/vicav_profile_kef.xml: Referenced file Kef-graffiti-calligraphy-3.jpg not found
WARNING: /home/danielschopper/data/TUNOCENT/tunocent-content/vicav_profiles/tunocent/vicav_profile_kef.xml: Referenced file Kef-graffiti-old-man.jpg not found
WARNING: /home/danielschopper/data/TUNOCENT/tunocent-content/vicav_profiles/tunocent/vicav_profile_kef.xml: Referenced file Kef-graffiti-berber.jpg not found
WARNING: /home/danielschopper/data/TUNOCENT/tunocent-content/vicav_profiles/tunocent/vicav_profile_kef.xml: Referenced file Kef-graffiti-calligraphy-4.jpg not found
WARNING: /home/danielschopper/data/TUNOCENT/tunocent-content/vicav_profiles/tunocent/vicav_profile_kef.xml: Referenced file Kef-graffiti-park.jpg not found
WARNING: /home/danielschopper/data/TUNOCENT/tunocent-content/vicav_profiles/tunocent/vicav_profile_kef.xml: Referenced file Kef-graffiti-basketball.jpg not found
WARNING: /home/danielschopper/data/TUNOCENT/tunocent-content/vicav_profiles/tunocent/vicav_profile_kef.xml: Referenced file Kef-vase.jpg not found
WARNING: /home/danielschopper/data/TUNOCENT/tunocent-content/vicav_profiles/tunocent/vicav_profile_kef.xml: Referenced file Kef-graffiti-wiss.jpg not found
WARNING: /home/danielschopper/data/TUNOCENT/tunocent-content/vicav_profiles/tunocent/vicav_profile_kef.xml: Referenced file Kef-graffiti-1.jpg not found
WARNING: /home/danielschopper/data/TUNOCENT/tunocent-content/vicav_profiles/tunocent/vicav_profile_kef.xml: Referenced file Kef-graffiti-2.jpg not found
WARNING: /home/danielschopper/data/TUNOCENT/tunocent-content/vicav_profiles/tunocent/vicav_profile_kef.xml: Referenced file Kef-centre.jpg not found
WARNING: /home/danielschopper/data/TUNOCENT/tunocent-content/vicav_profiles/tunocent/vicav_profile_kef.xml: Referenced file Kef-centre-2.jpg not found
WARNING: /home/danielschopper/data/TUNOCENT/tunocent-content/vicav_profiles/tunocent/vicav_profile_kef.xml: Referenced file Kef-centre-cafe.jpg not found
WARNING: /home/danielschopper/data/TUNOCENT/tunocent-content/vicav_profiles/tunocent/vicav_profile_kef.xml: Referenced file Kef-centre-wall.jpg not found
WARNING: /home/danielschopper/data/TUNOCENT/tunocent-content/vicav_profiles/tunocent/vicav_profile_kef.xml: Referenced file Kef-centre-flora.jpg not found
WARNING: /home/danielschopper/data/TUNOCENT/tunocent-content/vicav_profiles/tunocent/vicav_profile_kef.xml: Referenced file Kef-centre-themepark.jpg not found
WARNING: /home/danielschopper/data/TUNOCENT/tunocent-content/vicav_profiles/tunocent/vicav_profile_kef.xml: Referenced file Kef-centre-qadriyya.jpg not found
WARNING: /home/danielschopper/data/TUNOCENT/tunocent-content/vicav_profiles/tunocent/vicav_profile_kef.xml: Referenced file Kef-centre-Ali-bin-Saleh.jpg not found
WARNING: /home/danielschopper/data/TUNOCENT/tunocent-content/vicav_profiles/tunocent/vicav_profile_kef.xml: Referenced file Kef-centre-people-thursday.jpg not found
WARNING: /home/danielschopper/data/TUNOCENT/tunocent-content/vicav_profiles/tunocent/vicav_profile_kef.xml: Referenced file Kef-centre-carpet.jpg not found
WARNING: /home/danielschopper/data/TUNOCENT/tunocent-content/vicav_profiles/tunocent/vicav_profile_kef.xml: Referenced file Kef-centre-pepper.jpg not found
WARNING: /home/danielschopper/data/TUNOCENT/tunocent-content/vicav_profiles/tunocent/vicav_profile_kef.xml: Referenced file Kef-centre-mlewi.jpg not found
WARNING: /home/danielschopper/data/TUNOCENT/tunocent-content/vicav_profiles/tunocent/vicav_profile_kef.xml: Referenced file Kef-centre-museum.jpg not found
WARNING: /home/danielschopper/data/TUNOCENT/tunocent-content/vicav_profiles/tunocent/vicav_profile_kef.xml: Referenced file Kef-centre-museum2.jpg not found
WARNING: /home/danielschopper/data/TUNOCENT/tunocent-content/vicav_profiles/tunocent/vicav_profile_kef.xml: Referenced file Kef-centre-clothes.jpg not found
WARNING: /home/danielschopper/data/TUNOCENT/tunocent-content/vicav_profiles/tunocent/vicav_profile_kef.xml: Referenced file Kef-centre-mathaf.jpg not found
WARNING: /home/danielschopper/data/TUNOCENT/tunocent-content/vicav_profiles/tunocent/vicav_profile_kef.xml: Referenced file Kef-roman-bath.jpg not found
WARNING: /home/danielschopper/data/TUNOCENT/tunocent-content/vicav_profiles/tunocent/vicav_profile_kef.xml: Referenced file Kef-Franzi-bath.jpg not found
WARNING: /home/danielschopper/data/TUNOCENT/tunocent-content/vicav_profiles/tunocent/vicav_profile_kef.xml: Referenced file Kef-flowers.jpg not found
WARNING: /home/danielschopper/data/TUNOCENT/tunocent-content/vicav_profiles/tunocent/vicav_profile_kef.xml: Referenced file Kef-baths-2.jpg not found
WARNING: /home/danielschopper/data/TUNOCENT/tunocent-content/vicav_profiles/tunocent/vicav_profile_kef.xml: Referenced file Kef-kasba.jpg not found
WARNING: /home/danielschopper/data/TUNOCENT/tunocent-content/vicav_profiles/tunocent/vicav_profile_kef.xml: Referenced file Kef-kasba-guns.jpg not found
WARNING: /home/danielschopper/data/TUNOCENT/tunocent-content/vicav_profiles/tunocent/vicav_profile_kef.xml: Referenced file Kef-kasba-entrance.jpg not found
WARNING: /home/danielschopper/data/TUNOCENT/tunocent-content/vicav_profiles/tunocent/vicav_profile_kef.xml: Referenced file Kef-kasba-view.jpg not found
WARNING: /home/danielschopper/data/TUNOCENT/tunocent-content/vicav_profiles/tunocent/vicav_profile_kef.xml: Referenced file Kef-kasba-guns-view.jpg not found
WARNING: /home/danielschopper/data/TUNOCENT/tunocent-content/vicav_profiles/tunocent/vicav_profile_kef.xml: Referenced file Kef-kasba-night.jpg not found
WARNING: /home/danielschopper/data/TUNOCENT/tunocent-content/vicav_profiles/tunocent/vicav_profile_kef.xml: Referenced file Kef-synagogue-road.jpg not found
WARNING: /home/danielschopper/data/TUNOCENT/tunocent-content/vicav_profiles/tunocent/vicav_profile_kef.xml: Referenced file Kef-synagogue-entrance.jpg not found
WARNING: /home/danielschopper/data/TUNOCENT/tunocent-content/vicav_profiles/tunocent/vicav_profile_kef.xml: Referenced file Kef-synagogue-yard.jpg not found
WARNING: /home/danielschopper/data/TUNOCENT/tunocent-content/vicav_profiles/tunocent/vicav_profile_kef.xml: Referenced file Kef-synagogue-inside.jpg not found
WARNING: /home/danielschopper/data/TUNOCENT/tunocent-content/vicav_profiles/tunocent/vicav_profile_kef.xml: Referenced file Kef-cemeteries.jpg not found
WARNING: /home/danielschopper/data/TUNOCENT/tunocent-content/vicav_profiles/tunocent/vicav_profile_kef.xml: Referenced file Kef-makhlouf-sign.jpg not found
WARNING: /home/danielschopper/data/TUNOCENT/tunocent-content/vicav_profiles/tunocent/vicav_profile_kef.xml: Referenced file Kef-makhlouf-door.jpg not found
WARNING: /home/danielschopper/data/TUNOCENT/tunocent-content/vicav_profiles/tunocent/vicav_profile_kef.xml: Referenced file Kef-makhlouf-tomb.jpg not found
WARNING: /home/danielschopper/data/TUNOCENT/tunocent-content/vicav_profiles/tunocent/vicav_profile_kef.xml: Referenced file Kef-makhlouf-tomb-2.jpg not found
WARNING: /home/danielschopper/data/TUNOCENT/tunocent-content/vicav_profiles/tunocent/vicav_profile_kef.xml: Referenced file Kef-graffiti-makhlouf.jpg not found
WARNING: /home/danielschopper/data/TUNOCENT/tunocent-content/vicav_profiles/tunocent/vicav_profile_kef.xml: Referenced file Kef-graffiti-bird.jpg not found
WARNING: /home/danielschopper/data/TUNOCENT/tunocent-content/vicav_profiles/tunocent/vicav_profile_kef.xml: Referenced file Kef-graffiti-calligraphy.jpg not found
WARNING: /home/danielschopper/data/TUNOCENT/tunocent-content/vicav_profiles/tunocent/vicav_profile_kef.xml: Referenced file Kef-graffiti-calligraphy-2.jpg not found
WARNING: /home/danielschopper/data/TUNOCENT/tunocent-content/vicav_profiles/tunocent/vicav_profile_kef.xml: Referenced file Kef-graffiti-calligraphy-3.jpg not found
WARNING: /home/danielschopper/data/TUNOCENT/tunocent-content/vicav_profiles/tunocent/vicav_profile_kef.xml: Referenced file Kef-graffiti-old-man.jpg not found
WARNING: /home/danielschopper/data/TUNOCENT/tunocent-content/vicav_profiles/tunocent/vicav_profile_kef.xml: Referenced file Kef-graffiti-berber.jpg not found
WARNING: /home/danielschopper/data/TUNOCENT/tunocent-content/vicav_profiles/tunocent/vicav_profile_kef.xml: Referenced file Kef-graffiti-calligraphy-4.jpg not found
WARNING: /home/danielschopper/data/TUNOCENT/tunocent-content/vicav_profiles/tunocent/vicav_profile_kef.xml: Referenced file Kef-graffiti-park.jpg not found
WARNING: /home/danielschopper/data/TUNOCENT/tunocent-content/vicav_profiles/tunocent/vicav_profile_kef.xml: Referenced file Kef-graffiti-basketball.jpg not found
WARNING: /home/danielschopper/data/TUNOCENT/tunocent-content/vicav_profiles/tunocent/vicav_profile_kef.xml: Referenced file Kef-vase.jpg not found
WARNING: /home/danielschopper/data/TUNOCENT/tunocent-content/vicav_profiles/tunocent/vicav_profile_kef.xml: Referenced file Kef-graffiti-wiss.jpg not found
WARNING: /home/danielschopper/data/TUNOCENT/tunocent-content/vicav_profiles/tunocent/vicav_profile_kef.xml: Referenced file Kef-graffiti-1.jpg not found
WARNING: /home/danielschopper/data/TUNOCENT/tunocent-content/vicav_profiles/tunocent/vicav_profile_kef.xml: Referenced file Kef-graffiti-2.jpg not found
INFO: Processing vicav_profile_lakhouet.xml...
WARNING: /home/danielschopper/data/TUNOCENT/tunocent-content/vicav_profiles/tunocent/vicav_profile_lakhouet.xml: Referenced file Lakhouet1.jpg not found
WARNING: /home/danielschopper/data/TUNOCENT/tunocent-content/vicav_profiles/tunocent/vicav_profile_lakhouet.xml: Referenced file Lakhwet_Bahnhof3-150x150.jpg not found
WARNING: /home/danielschopper/data/TUNOCENT/tunocent-content/vicav_profiles/tunocent/vicav_profile_lakhouet.xml: Referenced file Lakhwet_mitSafeYosra2-150x150.jpg not found
WARNING: /home/danielschopper/data/TUNOCENT/tunocent-content/vicav_profiles/tunocent/vicav_profile_lakhouet.xml: Referenced file Lakhwet_Kornspeicher-150x150.jpg not found
WARNING: /home/danielschopper/data/TUNOCENT/tunocent-content/vicav_profiles/tunocent/vicav_profile_lakhouet.xml: Referenced file Lakhwet_Bahnhof3-scaled.jpg not found
WARNING: /home/danielschopper/data/TUNOCENT/tunocent-content/vicav_profiles/tunocent/vicav_profile_lakhouet.xml: Referenced file Lakhwet_mitSafeYosra2-rotated.jpg not found
WARNING: /home/danielschopper/data/TUNOCENT/tunocent-content/vicav_profiles/tunocent/vicav_profile_lakhouet.xml: Referenced file Lakhwet_Kornspeicher-scaled.jpg not found
INFO: Processing vicav_profile_majelbelabbes.xml...
WARNING: /home/danielschopper/data/TUNOCENT/tunocent-content/vicav_profiles/tunocent/vicav_profile_majelbelabbes.xml: Referenced file MajelBelAbbes1.jpg not found
WARNING: /home/danielschopper/data/TUNOCENT/tunocent-content/vicav_profiles/tunocent/vicav_profile_majelbelabbes.xml: Referenced file MajelBelAbbes2.jpg not found
WARNING: /home/danielschopper/data/TUNOCENT/tunocent-content/vicav_profiles/tunocent/vicav_profile_majelbelabbes.xml: Referenced file MajelBelAbbes3.jpg not found
WARNING: /home/danielschopper/data/TUNOCENT/tunocent-content/vicav_profiles/tunocent/vicav_profile_majelbelabbes.xml: Referenced file MajelBelAbbes4.jpg not found
WARNING: /home/danielschopper/data/TUNOCENT/tunocent-content/vicav_profiles/tunocent/vicav_profile_majelbelabbes.xml: Referenced file MajelBelAbbes5.jpg not found
INFO: Processing vicav_profile_mdayna.xml...
WARNING: /home/danielschopper/data/TUNOCENT/tunocent-content/vicav_profiles/tunocent/vicav_profile_mdayna.xml: Referenced file Mdayna1.jpg not found
INFO: Processing vicav_profile_medjez.xml...
WARNING: /home/danielschopper/data/TUNOCENT/tunocent-content/vicav_profiles/tunocent/vicav_profile_medjez.xml: Referenced file Medjez1.jpg not found
WARNING: /home/danielschopper/data/TUNOCENT/tunocent-content/vicav_profiles/tunocent/vicav_profile_medjez.xml: Referenced file Medjez-Mosque.jpg not found
WARNING: /home/danielschopper/data/TUNOCENT/tunocent-content/vicav_profiles/tunocent/vicav_profile_medjez.xml: Referenced file Medjez-Ruins.jpg not found
WARNING: /home/danielschopper/data/TUNOCENT/tunocent-content/vicav_profiles/tunocent/vicav_profile_medjez.xml: Referenced file Medjez-Mosque.jpg not found
WARNING: /home/danielschopper/data/TUNOCENT/tunocent-content/vicav_profiles/tunocent/vicav_profile_medjez.xml: Referenced file Medjez-Ruins.jpg not found
INFO: Processing vicav_profile_meknassi.xml...
WARNING: /home/danielschopper/data/TUNOCENT/tunocent-content/vicav_profiles/tunocent/vicav_profile_meknassi.xml: Referenced file Meknassi1.jpg not found
WARNING: /home/danielschopper/data/TUNOCENT/tunocent-content/vicav_profiles/tunocent/vicav_profile_meknassi.xml: Referenced file Meknassi2.jpg not found
WARNING: /home/danielschopper/data/TUNOCENT/tunocent-content/vicav_profiles/tunocent/vicav_profile_meknassi.xml: Referenced file Meknassi3.jpg not found
WARNING: /home/danielschopper/data/TUNOCENT/tunocent-content/vicav_profiles/tunocent/vicav_profile_meknassi.xml: Referenced file Meknassi4.jpg not found
WARNING: /home/danielschopper/data/TUNOCENT/tunocent-content/vicav_profiles/tunocent/vicav_profile_meknassi.xml: Referenced file Meknassi5.jpg not found
WARNING: /home/danielschopper/data/TUNOCENT/tunocent-content/vicav_profiles/tunocent/vicav_profile_meknassi.xml: Referenced file Meknassi6.jpg not found
INFO: Processing vicav_profile_meloussi.xml...
WARNING: /home/danielschopper/data/TUNOCENT/tunocent-content/vicav_profiles/tunocent/vicav_profile_meloussi.xml: Referenced file Meloussi1.jpg not found
WARNING: /home/danielschopper/data/TUNOCENT/tunocent-content/vicav_profiles/tunocent/vicav_profile_meloussi.xml: Referenced file Meloussi2.jpg not found
WARNING: /home/danielschopper/data/TUNOCENT/tunocent-content/vicav_profiles/tunocent/vicav_profile_meloussi.xml: Referenced file Meloussi3.jpg not found
WARNING: /home/danielschopper/data/TUNOCENT/tunocent-content/vicav_profiles/tunocent/vicav_profile_meloussi.xml: Referenced file Meloussi4.jpg not found
WARNING: /home/danielschopper/data/TUNOCENT/tunocent-content/vicav_profiles/tunocent/vicav_profile_meloussi.xml: Referenced file Meloussi5.jpg not found
WARNING: /home/danielschopper/data/TUNOCENT/tunocent-content/vicav_profiles/tunocent/vicav_profile_meloussi.xml: Referenced file Meloussi6.jpg not found
WARNING: /home/danielschopper/data/TUNOCENT/tunocent-content/vicav_profiles/tunocent/vicav_profile_meloussi.xml: Referenced file Meloussi7.jpg not found
WARNING: /home/danielschopper/data/TUNOCENT/tunocent-content/vicav_profiles/tunocent/vicav_profile_meloussi.xml: Referenced file Meloussi9.jpg not found
WARNING: /home/danielschopper/data/TUNOCENT/tunocent-content/vicav_profiles/tunocent/vicav_profile_meloussi.xml: Referenced file Meloussi10.jpg not found
WARNING: /home/danielschopper/data/TUNOCENT/tunocent-content/vicav_profiles/tunocent/vicav_profile_meloussi.xml: Referenced file Meloussi11.jpg not found
WARNING: /home/danielschopper/data/TUNOCENT/tunocent-content/vicav_profiles/tunocent/vicav_profile_meloussi.xml: Referenced file Meloussi12.jpg not found
WARNING: /home/danielschopper/data/TUNOCENT/tunocent-content/vicav_profiles/tunocent/vicav_profile_meloussi.xml: Referenced file Meloussi13.jpg not found
WARNING: /home/danielschopper/data/TUNOCENT/tunocent-content/vicav_profiles/tunocent/vicav_profile_meloussi.xml: Referenced file Meloussi14.jpg not found
INFO: Processing vicav_profile_moulares.xml...
WARNING: /home/danielschopper/data/TUNOCENT/tunocent-content/vicav_profiles/tunocent/vicav_profile_moulares.xml: Referenced file Moulares_title.jpg not found
WARNING: /home/danielschopper/data/TUNOCENT/tunocent-content/vicav_profiles/tunocent/vicav_profile_moulares.xml: Referenced file Moulares-Phosphate.jpg not found
WARNING: /home/danielschopper/data/TUNOCENT/tunocent-content/vicav_profiles/tunocent/vicav_profile_moulares.xml: Referenced file Moulares-Phosphate_mining.jpg not found
WARNING: /home/danielschopper/data/TUNOCENT/tunocent-content/vicav_profiles/tunocent/vicav_profile_moulares.xml: Referenced file Moulares-Hills_of_Moulares_(1).jpg not found
WARNING: /home/danielschopper/data/TUNOCENT/tunocent-content/vicav_profiles/tunocent/vicav_profile_moulares.xml: Referenced file Moulares-Hills_of_Moulares_(2).jpg not found
WARNING: /home/danielschopper/data/TUNOCENT/tunocent-content/vicav_profiles/tunocent/vicav_profile_moulares.xml: Referenced file Moulares-centre.jpg not found
WARNING: /home/danielschopper/data/TUNOCENT/tunocent-content/vicav_profiles/tunocent/vicav_profile_moulares.xml: Referenced file Moulares-Impressions_of_Moulares_(3).jpg not found
WARNING: /home/danielschopper/data/TUNOCENT/tunocent-content/vicav_profiles/tunocent/vicav_profile_moulares.xml: Referenced file Moulares-Impressions_of_Moulares_(4).jpg not found
WARNING: /home/danielschopper/data/TUNOCENT/tunocent-content/vicav_profiles/tunocent/vicav_profile_moulares.xml: Referenced file Moulares-Impressions_of_Moulares_(2).jpg not found
WARNING: /home/danielschopper/data/TUNOCENT/tunocent-content/vicav_profiles/tunocent/vicav_profile_moulares.xml: Referenced file Moulares-Impressions_of_Moulares_(11).jpg not found
WARNING: /home/danielschopper/data/TUNOCENT/tunocent-content/vicav_profiles/tunocent/vicav_profile_moulares.xml: Referenced file Moulares-Phosphate.jpg not found
WARNING: /home/danielschopper/data/TUNOCENT/tunocent-content/vicav_profiles/tunocent/vicav_profile_moulares.xml: Referenced file Moulares-Phosphate_mining.jpg not found
WARNING: /home/danielschopper/data/TUNOCENT/tunocent-content/vicav_profiles/tunocent/vicav_profile_moulares.xml: Referenced file Moulares-Hills_of_Moulares_(1).jpg not found
WARNING: /home/danielschopper/data/TUNOCENT/tunocent-content/vicav_profiles/tunocent/vicav_profile_moulares.xml: Referenced file Moulares-Hills_of_Moulares_(2).jpg not found
WARNING: /home/danielschopper/data/TUNOCENT/tunocent-content/vicav_profiles/tunocent/vicav_profile_moulares.xml: Referenced file Moulares-centre.jpg not found
WARNING: /home/danielschopper/data/TUNOCENT/tunocent-content/vicav_profiles/tunocent/vicav_profile_moulares.xml: Referenced file Moulares-Impressions_of_Moulares_(3).jpg not found
WARNING: /home/danielschopper/data/TUNOCENT/tunocent-content/vicav_profiles/tunocent/vicav_profile_moulares.xml: Referenced file Moulares-Impressions_of_Moulares_(4).jpg not found
WARNING: /home/danielschopper/data/TUNOCENT/tunocent-content/vicav_profiles/tunocent/vicav_profile_moulares.xml: Referenced file Moulares-Impressions_of_Moulares_(2).jpg not found
WARNING: /home/danielschopper/data/TUNOCENT/tunocent-content/vicav_profiles/tunocent/vicav_profile_moulares.xml: Referenced file Moulares-Impressions_of_Moulares_(11).jpg not found
INFO: Processing vicav_profile_murra.xml...
WARNING: /home/danielschopper/data/TUNOCENT/tunocent-content/vicav_profiles/tunocent/vicav_profile_murra.xml: Referenced file Murra1.jpg not found
WARNING: /home/danielschopper/data/TUNOCENT/tunocent-content/vicav_profiles/tunocent/vicav_profile_murra.xml: Referenced file Murra2.jpg not found
WARNING: /home/danielschopper/data/TUNOCENT/tunocent-content/vicav_profiles/tunocent/vicav_profile_murra.xml: Referenced file Murra3.jpg not found
INFO: Processing vicav_profile_nadhour.xml...
WARNING: /home/danielschopper/data/TUNOCENT/tunocent-content/vicav_profiles/tunocent/vicav_profile_nadhour.xml: Referenced file Nadhour2.jpg not found
WARNING: /home/danielschopper/data/TUNOCENT/tunocent-content/vicav_profiles/tunocent/vicav_profile_nadhour.xml: Referenced file Nadhour3.jpg not found
WARNING: /home/danielschopper/data/TUNOCENT/tunocent-content/vicav_profiles/tunocent/vicav_profile_nadhour.xml: Referenced file Nadhour4.jpg not found
WARNING: /home/danielschopper/data/TUNOCENT/tunocent-content/vicav_profiles/tunocent/vicav_profile_nadhour.xml: Referenced file Nadhour5.jpg not found
WARNING: /home/danielschopper/data/TUNOCENT/tunocent-content/vicav_profiles/tunocent/vicav_profile_nadhour.xml: Referenced file Nadhour6.jpg not found
WARNING: /home/danielschopper/data/TUNOCENT/tunocent-content/vicav_profiles/tunocent/vicav_profile_nadhour.xml: Referenced file Nadhour7.jpg not found
WARNING: /home/danielschopper/data/TUNOCENT/tunocent-content/vicav_profiles/tunocent/vicav_profile_nadhour.xml: Referenced file Nadhour8.jpg not found
INFO: Processing vicav_profile_nefza.xml...
WARNING: /home/danielschopper/data/TUNOCENT/tunocent-content/vicav_profiles/tunocent/vicav_profile_nefza.xml: Referenced file Nefza1.jpg not found
INFO: Processing vicav_profile_ouledali.xml...
WARNING: /home/danielschopper/data/TUNOCENT/tunocent-content/vicav_profiles/tunocent/vicav_profile_ouledali.xml: Referenced file OuledAli1.jpg not found
WARNING: /home/danielschopper/data/TUNOCENT/tunocent-content/vicav_profiles/tunocent/vicav_profile_ouledali.xml: Referenced file OuledAli2.jpg not found
WARNING: /home/danielschopper/data/TUNOCENT/tunocent-content/vicav_profiles/tunocent/vicav_profile_ouledali.xml: Referenced file OuledAli3.jpg not found
WARNING: /home/danielschopper/data/TUNOCENT/tunocent-content/vicav_profiles/tunocent/vicav_profile_ouledali.xml: Referenced file OuledAli4.jpg not found
WARNING: /home/danielschopper/data/TUNOCENT/tunocent-content/vicav_profiles/tunocent/vicav_profile_ouledali.xml: Referenced file OuledAli5.jpg not found
INFO: Processing vicav_profile_ouledsaid.xml...
WARNING: /home/danielschopper/data/TUNOCENT/tunocent-content/vicav_profiles/tunocent/vicav_profile_ouledsaid.xml: Referenced file Ouled Said1.jpg not found
WARNING: /home/danielschopper/data/TUNOCENT/tunocent-content/vicav_profiles/tunocent/vicav_profile_ouledsaid.xml: Referenced file Ouled Said2.jpg not found
WARNING: /home/danielschopper/data/TUNOCENT/tunocent-content/vicav_profiles/tunocent/vicav_profile_ouledsaid.xml: Referenced file Ouled Said3.jpg not found
WARNING: /home/danielschopper/data/TUNOCENT/tunocent-content/vicav_profiles/tunocent/vicav_profile_ouledsaid.xml: Referenced file Ouled Said4.jpg not found
WARNING: /home/danielschopper/data/TUNOCENT/tunocent-content/vicav_profiles/tunocent/vicav_profile_ouledsaid.xml: Referenced file Ouled Said5.jpg not found
WARNING: /home/danielschopper/data/TUNOCENT/tunocent-content/vicav_profiles/tunocent/vicav_profile_ouledsaid.xml: Referenced file Ouled Said6.jpg not found
WARNING: /home/danielschopper/data/TUNOCENT/tunocent-content/vicav_profiles/tunocent/vicav_profile_ouledsaid.xml: Referenced file Ouled Said7.jpg not found
WARNING: /home/danielschopper/data/TUNOCENT/tunocent-content/vicav_profiles/tunocent/vicav_profile_ouledsaid.xml: Referenced file Ouled Said8.jpg not found
WARNING: /home/danielschopper/data/TUNOCENT/tunocent-content/vicav_profiles/tunocent/vicav_profile_ouledsaid.xml: Referenced file Ouled Said9.jpg not found
WARNING: /home/danielschopper/data/TUNOCENT/tunocent-content/vicav_profiles/tunocent/vicav_profile_ouledsaid.xml: Referenced file Ouled Said10.jpg not found
WARNING: /home/danielschopper/data/TUNOCENT/tunocent-content/vicav_profiles/tunocent/vicav_profile_ouledsaid.xml: Referenced file Ouled Said11.jpg not found
WARNING: /home/danielschopper/data/TUNOCENT/tunocent-content/vicav_profiles/tunocent/vicav_profile_ouledsaid.xml: Referenced file Ouled Said12.jpg not found
WARNING: /home/danielschopper/data/TUNOCENT/tunocent-content/vicav_profiles/tunocent/vicav_profile_ouledsaid.xml: Referenced file Ouled Said13.jpg not found
WARNING: /home/danielschopper/data/TUNOCENT/tunocent-content/vicav_profiles/tunocent/vicav_profile_ouledsaid.xml: Referenced file Ouled Said14.jpg not found
INFO: Processing vicav_profile_redeyef.xml...
WARNING: /home/danielschopper/data/TUNOCENT/tunocent-content/vicav_profiles/tunocent/vicav_profile_redeyef.xml: Referenced file Redeyef1.jpg not found
WARNING: /home/danielschopper/data/TUNOCENT/tunocent-content/vicav_profiles/tunocent/vicav_profile_redeyef.xml: Referenced file thumb/Redeyef-map.jpg not found
WARNING: /home/danielschopper/data/TUNOCENT/tunocent-content/vicav_profiles/tunocent/vicav_profile_redeyef.xml: Referenced file Redeyef-color-train.jpg not found
WARNING: /home/danielschopper/data/TUNOCENT/tunocent-content/vicav_profiles/tunocent/vicav_profile_redeyef.xml: Referenced file Redeyef-landscape.jpg not found
WARNING: /home/danielschopper/data/TUNOCENT/tunocent-content/vicav_profiles/tunocent/vicav_profile_redeyef.xml: Referenced file Redeyef-Lampshades.jpg not found
WARNING: /home/danielschopper/data/TUNOCENT/tunocent-content/vicav_profiles/tunocent/vicav_profile_redeyef.xml: Referenced file Redeyef-roundabout.jpg not found
WARNING: /home/danielschopper/data/TUNOCENT/tunocent-content/vicav_profiles/tunocent/vicav_profile_redeyef.xml: Referenced file Redeyef-man.jpg not found
WARNING: /home/danielschopper/data/TUNOCENT/tunocent-content/vicav_profiles/tunocent/vicav_profile_redeyef.xml: Referenced file Redeyef-city-hall.jpg not found
WARNING: /home/danielschopper/data/TUNOCENT/tunocent-content/vicav_profiles/tunocent/vicav_profile_redeyef.xml: Referenced file Redeyef-bath.jpg not found
WARNING: /home/danielschopper/data/TUNOCENT/tunocent-content/vicav_profiles/tunocent/vicav_profile_redeyef.xml: Referenced file Redeyef-fight-club.jpg not found
WARNING: /home/danielschopper/data/TUNOCENT/tunocent-content/vicav_profiles/tunocent/vicav_profile_redeyef.xml: Referenced file Redeyef-bin.jpg not found
WARNING: /home/danielschopper/data/TUNOCENT/tunocent-content/vicav_profiles/tunocent/vicav_profile_redeyef.xml: Referenced file Redeyef-graffiti.jpg not found
WARNING: /home/danielschopper/data/TUNOCENT/tunocent-content/vicav_profiles/tunocent/vicav_profile_redeyef.xml: Referenced file Redeyef-sign.jpg not found
WARNING: /home/danielschopper/data/TUNOCENT/tunocent-content/vicav_profiles/tunocent/vicav_profile_redeyef.xml: Referenced file Redeyef-hand-drum.jpg not found
WARNING: /home/danielschopper/data/TUNOCENT/tunocent-content/vicav_profiles/tunocent/vicav_profile_redeyef.xml: Referenced file Redeyef-girls.jpg not found
WARNING: /home/danielschopper/data/TUNOCENT/tunocent-content/vicav_profiles/tunocent/vicav_profile_redeyef.xml: Referenced file Redeyef-bride.jpg not found
WARNING: /home/danielschopper/data/TUNOCENT/tunocent-content/vicav_profiles/tunocent/vicav_profile_redeyef.xml: Referenced file Redeyef-map.jpg not found
WARNING: /home/danielschopper/data/TUNOCENT/tunocent-content/vicav_profiles/tunocent/vicav_profile_redeyef.xml: Referenced file Redeyef-color-train.jpg not found
WARNING: /home/danielschopper/data/TUNOCENT/tunocent-content/vicav_profiles/tunocent/vicav_profile_redeyef.xml: Referenced file Redeyef-landscape.jpg not found
WARNING: /home/danielschopper/data/TUNOCENT/tunocent-content/vicav_profiles/tunocent/vicav_profile_redeyef.xml: Referenced file Redeyef-Lampshades.jpg not found
WARNING: /home/danielschopper/data/TUNOCENT/tunocent-content/vicav_profiles/tunocent/vicav_profile_redeyef.xml: Referenced file Redeyef-roundabout.jpg not found
WARNING: /home/danielschopper/data/TUNOCENT/tunocent-content/vicav_profiles/tunocent/vicav_profile_redeyef.xml: Referenced file Redeyef-man.jpg not found
WARNING: /home/danielschopper/data/TUNOCENT/tunocent-content/vicav_profiles/tunocent/vicav_profile_redeyef.xml: Referenced file Redeyef-city-hall.jpg not found
WARNING: /home/danielschopper/data/TUNOCENT/tunocent-content/vicav_profiles/tunocent/vicav_profile_redeyef.xml: Referenced file Redeyef-bath.jpg not found
WARNING: /home/danielschopper/data/TUNOCENT/tunocent-content/vicav_profiles/tunocent/vicav_profile_redeyef.xml: Referenced file Redeyef-fight-club.jpg not found
WARNING: /home/danielschopper/data/TUNOCENT/tunocent-content/vicav_profiles/tunocent/vicav_profile_redeyef.xml: Referenced file Redeyef-bin.jpg not found
WARNING: /home/danielschopper/data/TUNOCENT/tunocent-content/vicav_profiles/tunocent/vicav_profile_redeyef.xml: Referenced file Redeyef-graffiti.jpg not found
WARNING: /home/danielschopper/data/TUNOCENT/tunocent-content/vicav_profiles/tunocent/vicav_profile_redeyef.xml: Referenced file Redeyef-sign.jpg not found
WARNING: /home/danielschopper/data/TUNOCENT/tunocent-content/vicav_profiles/tunocent/vicav_profile_redeyef.xml: Referenced file Redeyef-hand-drum.jpg not found
WARNING: /home/danielschopper/data/TUNOCENT/tunocent-content/vicav_profiles/tunocent/vicav_profile_redeyef.xml: Referenced file Redeyef-girls.jpg not found
WARNING: /home/danielschopper/data/TUNOCENT/tunocent-content/vicav_profiles/tunocent/vicav_profile_redeyef.xml: Referenced file Redeyef-bride.jpg not found
INFO: Processing vicav_profile_regueb.xml...
WARNING: /home/danielschopper/data/TUNOCENT/tunocent-content/vicav_profiles/tunocent/vicav_profile_regueb.xml: Referenced file Regueb1.jpg not found
WARNING: /home/danielschopper/data/TUNOCENT/tunocent-content/vicav_profiles/tunocent/vicav_profile_regueb.xml: Referenced file Regueb2.jpg not found
INFO: Processing vicav_profile_rouhia.xml...
WARNING: /home/danielschopper/data/TUNOCENT/tunocent-content/vicav_profiles/tunocent/vicav_profile_rouhia.xml: Referenced file Rouhia1.jpg not found
WARNING: /home/danielschopper/data/TUNOCENT/tunocent-content/vicav_profiles/tunocent/vicav_profile_rouhia.xml: Referenced file Rouhiya-building.jpg not found
WARNING: /home/danielschopper/data/TUNOCENT/tunocent-content/vicav_profiles/tunocent/vicav_profile_rouhia.xml: Referenced file Rouhiya-Ilona-mit-mann-1.jpg not found
WARNING: /home/danielschopper/data/TUNOCENT/tunocent-content/vicav_profiles/tunocent/vicav_profile_rouhia.xml: Referenced file Rouhiya-Ilona-locals.jpg not found
WARNING: /home/danielschopper/data/TUNOCENT/tunocent-content/vicav_profiles/tunocent/vicav_profile_rouhia.xml: Referenced file Rouhiya-family.jpg not found
WARNING: /home/danielschopper/data/TUNOCENT/tunocent-content/vicav_profiles/tunocent/vicav_profile_rouhia.xml: Referenced file Rouhiya-donkey.jpg not found
WARNING: /home/danielschopper/data/TUNOCENT/tunocent-content/vicav_profiles/tunocent/vicav_profile_rouhia.xml: Referenced file Rouhiya-building.jpg not found
WARNING: /home/danielschopper/data/TUNOCENT/tunocent-content/vicav_profiles/tunocent/vicav_profile_rouhia.xml: Referenced file Rouhiya-Ilona-mit-mann-1.jpg not found
WARNING: /home/danielschopper/data/TUNOCENT/tunocent-content/vicav_profiles/tunocent/vicav_profile_rouhia.xml: Referenced file Rouhiya-Ilona-locals.jpg not found
WARNING: /home/danielschopper/data/TUNOCENT/tunocent-content/vicav_profiles/tunocent/vicav_profile_rouhia.xml: Referenced file Rouhiya-family.jpg not found
WARNING: /home/danielschopper/data/TUNOCENT/tunocent-content/vicav_profiles/tunocent/vicav_profile_rouhia.xml: Referenced file Rouhiya-donkey.jpg not found
INFO: Processing vicav_profile_sakiet.xml...
WARNING: /home/danielschopper/data/TUNOCENT/tunocent-content/vicav_profiles/tunocent/vicav_profile_sakiet.xml: Referenced file thumb/Park_4.jpg not found
WARNING: /home/danielschopper/data/TUNOCENT/tunocent-content/vicav_profiles/tunocent/vicav_profile_sakiet.xml: Referenced file thumb/Park.jpg not found
WARNING: /home/danielschopper/data/TUNOCENT/tunocent-content/vicav_profiles/tunocent/vicav_profile_sakiet.xml: Referenced file thumb/Park_3.jpg not found
WARNING: /home/danielschopper/data/TUNOCENT/tunocent-content/vicav_profiles/tunocent/vicav_profile_sakiet.xml: Referenced file thumb/Mosque.jpg not found
WARNING: /home/danielschopper/data/TUNOCENT/tunocent-content/vicav_profiles/tunocent/vicav_profile_sakiet.xml: Referenced file thumb/Impressions_of_Saqiat_11.jpg not found
WARNING: /home/danielschopper/data/TUNOCENT/tunocent-content/vicav_profiles/tunocent/vicav_profile_sakiet.xml: Referenced file thumb/Impressions_of_Saqiat_7.jpg not found
WARNING: /home/danielschopper/data/TUNOCENT/tunocent-content/vicav_profiles/tunocent/vicav_profile_sakiet.xml: Referenced file thumb/Impressions_of_Saqiat_10.jpg not found
WARNING: /home/danielschopper/data/TUNOCENT/tunocent-content/vicav_profiles/tunocent/vicav_profile_sakiet.xml: Referenced file thumb/Impressions_of_Saqiat_1.jpg not found
WARNING: /home/danielschopper/data/TUNOCENT/tunocent-content/vicav_profiles/tunocent/vicav_profile_sakiet.xml: Referenced file thumb/In_the_woods_of_Saqiat.jpg not found
WARNING: /home/danielschopper/data/TUNOCENT/tunocent-content/vicav_profiles/tunocent/vicav_profile_sakiet.xml: Referenced file thumb/Pine_tree.jpg not found
WARNING: /home/danielschopper/data/TUNOCENT/tunocent-content/vicav_profiles/tunocent/vicav_profile_sakiet.xml: Referenced file thumb/Pine_cone.jpg not found
WARNING: /home/danielschopper/data/TUNOCENT/tunocent-content/vicav_profiles/tunocent/vicav_profile_sakiet.xml: Referenced file thumb/View_over_Segya_from_top.jpg not found
WARNING: /home/danielschopper/data/TUNOCENT/tunocent-content/vicav_profiles/tunocent/vicav_profile_sakiet.xml: Referenced file thumb/Roundabout.jpg not found
WARNING: /home/danielschopper/data/TUNOCENT/tunocent-content/vicav_profiles/tunocent/vicav_profile_sakiet.xml: Referenced file thumb/Location_on_the_border.jpg not found
WARNING: /home/danielschopper/data/TUNOCENT/tunocent-content/vicav_profiles/tunocent/vicav_profile_sakiet.xml: Referenced file thumb/Cemetry_of_Segya.jpg not found
WARNING: /home/danielschopper/data/TUNOCENT/tunocent-content/vicav_profiles/tunocent/vicav_profile_sakiet.xml: Referenced file thumb/7oumna.jpg not found
WARNING: /home/danielschopper/data/TUNOCENT/tunocent-content/vicav_profiles/tunocent/vicav_profile_sakiet.xml: Referenced file Park_4.jpg not found
WARNING: /home/danielschopper/data/TUNOCENT/tunocent-content/vicav_profiles/tunocent/vicav_profile_sakiet.xml: Referenced file Park.jpg not found
WARNING: /home/danielschopper/data/TUNOCENT/tunocent-content/vicav_profiles/tunocent/vicav_profile_sakiet.xml: Referenced file Park_3.jpg not found
WARNING: /home/danielschopper/data/TUNOCENT/tunocent-content/vicav_profiles/tunocent/vicav_profile_sakiet.xml: Referenced file Mosque.jpg not found
WARNING: /home/danielschopper/data/TUNOCENT/tunocent-content/vicav_profiles/tunocent/vicav_profile_sakiet.xml: Referenced file Impressions_of_Saqiat_11.jpg not found
WARNING: /home/danielschopper/data/TUNOCENT/tunocent-content/vicav_profiles/tunocent/vicav_profile_sakiet.xml: Referenced file Impressions_of_Saqiat_7.jpg not found
WARNING: /home/danielschopper/data/TUNOCENT/tunocent-content/vicav_profiles/tunocent/vicav_profile_sakiet.xml: Referenced file Impressions_of_Saqiat_10.jpg not found
WARNING: /home/danielschopper/data/TUNOCENT/tunocent-content/vicav_profiles/tunocent/vicav_profile_sakiet.xml: Referenced file Impressions_of_Saqiat_1.jpg not found
WARNING: /home/danielschopper/data/TUNOCENT/tunocent-content/vicav_profiles/tunocent/vicav_profile_sakiet.xml: Referenced file In_the_woods_of_Saqiat.jpg not found
WARNING: /home/danielschopper/data/TUNOCENT/tunocent-content/vicav_profiles/tunocent/vicav_profile_sakiet.xml: Referenced file Pine_tree.jpg not found
WARNING: /home/danielschopper/data/TUNOCENT/tunocent-content/vicav_profiles/tunocent/vicav_profile_sakiet.xml: Referenced file Pine_cone.jpg not found
WARNING: /home/danielschopper/data/TUNOCENT/tunocent-content/vicav_profiles/tunocent/vicav_profile_sakiet.xml: Referenced file View_over_Segya_from_top.jpg not found
WARNING: /home/danielschopper/data/TUNOCENT/tunocent-content/vicav_profiles/tunocent/vicav_profile_sakiet.xml: Referenced file Roundabout.jpg not found
WARNING: /home/danielschopper/data/TUNOCENT/tunocent-content/vicav_profiles/tunocent/vicav_profile_sakiet.xml: Referenced file Location_on_the_border.jpg not found
WARNING: /home/danielschopper/data/TUNOCENT/tunocent-content/vicav_profiles/tunocent/vicav_profile_sakiet.xml: Referenced file Cemetry_of_Segya.jpg not found
WARNING: /home/danielschopper/data/TUNOCENT/tunocent-content/vicav_profiles/tunocent/vicav_profile_sakiet.xml: Referenced file 7oumna.jpg not found
INFO: Processing vicav_profile_santaj.xml...
WARNING: /home/danielschopper/data/TUNOCENT/tunocent-content/vicav_profiles/tunocent/vicav_profile_santaj.xml: Referenced file Santaj1.jpg not found
WARNING: /home/danielschopper/data/TUNOCENT/tunocent-content/vicav_profiles/tunocent/vicav_profile_santaj.xml: Referenced file Santaj2.jpg not found
WARNING: /home/danielschopper/data/TUNOCENT/tunocent-content/vicav_profiles/tunocent/vicav_profile_santaj.xml: Referenced file Santaj3.jpg not found
WARNING: /home/danielschopper/data/TUNOCENT/tunocent-content/vicav_profiles/tunocent/vicav_profile_santaj.xml: Referenced file Santaj4.jpg not found
WARNING: /home/danielschopper/data/TUNOCENT/tunocent-content/vicav_profiles/tunocent/vicav_profile_santaj.xml: Referenced file Santaj5.jpg not found
WARNING: /home/danielschopper/data/TUNOCENT/tunocent-content/vicav_profiles/tunocent/vicav_profile_santaj.xml: Referenced file Santaj6.jpg not found
INFO: Processing vicav_profile_sbeitla.xml...
WARNING: /home/danielschopper/data/TUNOCENT/tunocent-content/vicav_profiles/tunocent/vicav_profile_sbeitla.xml: Referenced file Sbeitla4.jpg not found
WARNING: /home/danielschopper/data/TUNOCENT/tunocent-content/vicav_profiles/tunocent/vicav_profile_sbeitla.xml: Referenced file Sbeitla6.jpg not found
WARNING: /home/danielschopper/data/TUNOCENT/tunocent-content/vicav_profiles/tunocent/vicav_profile_sbeitla.xml: Referenced file Sbeitla8.jpg not found
INFO: Processing vicav_profile_sbiat.xml...
WARNING: /home/danielschopper/data/TUNOCENT/tunocent-content/vicav_profiles/tunocent/vicav_profile_sbiat.xml: Referenced file Sbiat1.jpg not found
INFO: Processing vicav_profile_sbiba.xml...
WARNING: /home/danielschopper/data/TUNOCENT/tunocent-content/vicav_profiles/tunocent/vicav_profile_sbiba.xml: Referenced file I-love-Sbiba.jpg not found
WARNING: /home/danielschopper/data/TUNOCENT/tunocent-content/vicav_profiles/tunocent/vicav_profile_sbiba.xml: Referenced file thumb/The-Smile-of-Sbiba.jpg not found
WARNING: /home/danielschopper/data/TUNOCENT/tunocent-content/vicav_profiles/tunocent/vicav_profile_sbiba.xml: Referenced file thumb/Sbiba-arts-2.jpg not found
WARNING: /home/danielschopper/data/TUNOCENT/tunocent-content/vicav_profiles/tunocent/vicav_profile_sbiba.xml: Referenced file thumb/Sbiba-arts-3.jpg not found
WARNING: /home/danielschopper/data/TUNOCENT/tunocent-content/vicav_profiles/tunocent/vicav_profile_sbiba.xml: Referenced file thumb/Sbiba-arts-4.jpg not found
WARNING: /home/danielschopper/data/TUNOCENT/tunocent-content/vicav_profiles/tunocent/vicav_profile_sbiba.xml: Referenced file thumb/Sbiba-arts-5.jpg not found
WARNING: /home/danielschopper/data/TUNOCENT/tunocent-content/vicav_profiles/tunocent/vicav_profile_sbiba.xml: Referenced file thumb/Sbiba-arts-6.jpg not found
WARNING: /home/danielschopper/data/TUNOCENT/tunocent-content/vicav_profiles/tunocent/vicav_profile_sbiba.xml: Referenced file thumb/Sbiba-arts.jpg not found
WARNING: /home/danielschopper/data/TUNOCENT/tunocent-content/vicav_profiles/tunocent/vicav_profile_sbiba.xml: Referenced file thumb/Sbiba's_roundabout_with_an_apple.jpg not found
WARNING: /home/danielschopper/data/TUNOCENT/tunocent-content/vicav_profiles/tunocent/vicav_profile_sbiba.xml: Referenced file thumb/Park_4.jpg not found
WARNING: /home/danielschopper/data/TUNOCENT/tunocent-content/vicav_profiles/tunocent/vicav_profile_sbiba.xml: Referenced file thumb/Park_3.jpg not found
WARNING: /home/danielschopper/data/TUNOCENT/tunocent-content/vicav_profiles/tunocent/vicav_profile_sbiba.xml: Referenced file thumb/Sbiba.jpg not found
WARNING: /home/danielschopper/data/TUNOCENT/tunocent-content/vicav_profiles/tunocent/vicav_profile_sbiba.xml: Referenced file thumb/I_love_Sbiba.jpg not found
WARNING: /home/danielschopper/data/TUNOCENT/tunocent-content/vicav_profiles/tunocent/vicav_profile_sbiba.xml: Referenced file thumb/Park.jpg not found
WARNING: /home/danielschopper/data/TUNOCENT/tunocent-content/vicav_profiles/tunocent/vicav_profile_sbiba.xml: Referenced file thumb/Pool.jpg not found
WARNING: /home/danielschopper/data/TUNOCENT/tunocent-content/vicav_profiles/tunocent/vicav_profile_sbiba.xml: Referenced file The-Smile-of-Sbiba.jpg not found
WARNING: /home/danielschopper/data/TUNOCENT/tunocent-content/vicav_profiles/tunocent/vicav_profile_sbiba.xml: Referenced file Sbiba-arts-2.jpg not found
WARNING: /home/danielschopper/data/TUNOCENT/tunocent-content/vicav_profiles/tunocent/vicav_profile_sbiba.xml: Referenced file Sbiba-arts-3.jpg not found
WARNING: /home/danielschopper/data/TUNOCENT/tunocent-content/vicav_profiles/tunocent/vicav_profile_sbiba.xml: Referenced file Sbiba-arts-4.jpg not found
WARNING: /home/danielschopper/data/TUNOCENT/tunocent-content/vicav_profiles/tunocent/vicav_profile_sbiba.xml: Referenced file Sbiba-arts-5.jpg not found
WARNING: /home/danielschopper/data/TUNOCENT/tunocent-content/vicav_profiles/tunocent/vicav_profile_sbiba.xml: Referenced file Sbiba-arts-6.jpg not found
WARNING: /home/danielschopper/data/TUNOCENT/tunocent-content/vicav_profiles/tunocent/vicav_profile_sbiba.xml: Referenced file Sbiba-arts.jpg not found
WARNING: /home/danielschopper/data/TUNOCENT/tunocent-content/vicav_profiles/tunocent/vicav_profile_sbiba.xml: Referenced file Sbiba's_roundabout_with_an_apple.jpg not found
WARNING: /home/danielschopper/data/TUNOCENT/tunocent-content/vicav_profiles/tunocent/vicav_profile_sbiba.xml: Referenced file Park_4.jpg not found
WARNING: /home/danielschopper/data/TUNOCENT/tunocent-content/vicav_profiles/tunocent/vicav_profile_sbiba.xml: Referenced file Park_3.jpg not found
WARNING: /home/danielschopper/data/TUNOCENT/tunocent-content/vicav_profiles/tunocent/vicav_profile_sbiba.xml: Referenced file Sbiba.jpg not found
WARNING: /home/danielschopper/data/TUNOCENT/tunocent-content/vicav_profiles/tunocent/vicav_profile_sbiba.xml: Referenced file I_love_Sbiba.jpg not found
WARNING: /home/danielschopper/data/TUNOCENT/tunocent-content/vicav_profiles/tunocent/vicav_profile_sbiba.xml: Referenced file Park.jpg not found
WARNING: /home/danielschopper/data/TUNOCENT/tunocent-content/vicav_profiles/tunocent/vicav_profile_sbiba.xml: Referenced file Pool.jpg not found
INFO: Processing vicav_profile_shikh.xml...
WARNING: /home/danielschopper/data/TUNOCENT/tunocent-content/vicav_profiles/tunocent/vicav_profile_shikh.xml: Referenced file Shikh1.jpg not found
WARNING: /home/danielschopper/data/TUNOCENT/tunocent-content/vicav_profiles/tunocent/vicav_profile_shikh.xml: Referenced file Shikh2.jpg not found
WARNING: /home/danielschopper/data/TUNOCENT/tunocent-content/vicav_profiles/tunocent/vicav_profile_shikh.xml: Referenced file Shikh3.jpg not found
WARNING: /home/danielschopper/data/TUNOCENT/tunocent-content/vicav_profiles/tunocent/vicav_profile_shikh.xml: Referenced file Shikh4.jpg not found
INFO: Processing vicav_profile_shlihat.xml...
WARNING: /home/danielschopper/data/TUNOCENT/tunocent-content/vicav_profiles/tunocent/vicav_profile_shlihat.xml: Referenced file Shlihat_almonds-cultivation.jpg not found
WARNING: /home/danielschopper/data/TUNOCENT/tunocent-content/vicav_profiles/tunocent/vicav_profile_shlihat.xml: Referenced file Harvesting_crops.jpg not found
WARNING: /home/danielschopper/data/TUNOCENT/tunocent-content/vicav_profiles/tunocent/vicav_profile_shlihat.xml: Referenced file Planted_salad.jpg not found
WARNING: /home/danielschopper/data/TUNOCENT/tunocent-content/vicav_profiles/tunocent/vicav_profile_shlihat.xml: Referenced file Grazing_sheep.jpg not found
WARNING: /home/danielschopper/data/TUNOCENT/tunocent-content/vicav_profiles/tunocent/vicav_profile_shlihat.xml: Referenced file Growing_tomatos.jpg not found
WARNING: /home/danielschopper/data/TUNOCENT/tunocent-content/vicav_profiles/tunocent/vicav_profile_shlihat.xml: Referenced file Organic_farming.jpg not found
WARNING: /home/danielschopper/data/TUNOCENT/tunocent-content/vicav_profiles/tunocent/vicav_profile_shlihat.xml: Referenced file Cute_cat_(1).jpg not found
WARNING: /home/danielschopper/data/TUNOCENT/tunocent-content/vicav_profiles/tunocent/vicav_profile_shlihat.xml: Referenced file Harvesting_crops.jpg not found
WARNING: /home/danielschopper/data/TUNOCENT/tunocent-content/vicav_profiles/tunocent/vicav_profile_shlihat.xml: Referenced file Planted_salad.jpg not found
WARNING: /home/danielschopper/data/TUNOCENT/tunocent-content/vicav_profiles/tunocent/vicav_profile_shlihat.xml: Referenced file Grazing_sheep.jpg not found
WARNING: /home/danielschopper/data/TUNOCENT/tunocent-content/vicav_profiles/tunocent/vicav_profile_shlihat.xml: Referenced file Growing_tomatos.jpg not found
WARNING: /home/danielschopper/data/TUNOCENT/tunocent-content/vicav_profiles/tunocent/vicav_profile_shlihat.xml: Referenced file Organic_farming.jpg not found
WARNING: /home/danielschopper/data/TUNOCENT/tunocent-content/vicav_profiles/tunocent/vicav_profile_shlihat.xml: Referenced file Cute_cat_(1).jpg not found
INFO: Processing vicav_profile_shmeysiya.xml...
WARNING: /home/danielschopper/data/TUNOCENT/tunocent-content/vicav_profiles/tunocent/vicav_profile_shmeysiya.xml: Referenced file Animals-of-Shmaysiya-1-1024x827.jpg not found
WARNING: /home/danielschopper/data/TUNOCENT/tunocent-content/vicav_profiles/tunocent/vicav_profile_shmeysiya.xml: Referenced file Animals_of_Shmaysiya_(3).jpg not found
WARNING: /home/danielschopper/data/TUNOCENT/tunocent-content/vicav_profiles/tunocent/vicav_profile_shmeysiya.xml: Referenced file Animals_of_Shmaysiya_(2).jpg not found
WARNING: /home/danielschopper/data/TUNOCENT/tunocent-content/vicav_profiles/tunocent/vicav_profile_shmeysiya.xml: Referenced file Animals_of_Shmaysiya_(4).jpg not found
WARNING: /home/danielschopper/data/TUNOCENT/tunocent-content/vicav_profiles/tunocent/vicav_profile_shmeysiya.xml: Referenced file Animals_of_Shmaysiya_(3).jpg not found
WARNING: /home/danielschopper/data/TUNOCENT/tunocent-content/vicav_profiles/tunocent/vicav_profile_shmeysiya.xml: Referenced file Animals_of_Shmaysiya_(2).jpg not found
WARNING: /home/danielschopper/data/TUNOCENT/tunocent-content/vicav_profiles/tunocent/vicav_profile_shmeysiya.xml: Referenced file Animals_of_Shmaysiya_(4).jpg not found
INFO: Processing vicav_profile_sidialibenaoun.xml...
WARNING: /home/danielschopper/data/TUNOCENT/tunocent-content/vicav_profiles/tunocent/vicav_profile_sidialibenaoun.xml: Referenced file SidiAliBenAoun1.jpg not found
WARNING: /home/danielschopper/data/TUNOCENT/tunocent-content/vicav_profiles/tunocent/vicav_profile_sidialibenaoun.xml: Referenced file SidiAliBenAoun2.jpg not found
WARNING: /home/danielschopper/data/TUNOCENT/tunocent-content/vicav_profiles/tunocent/vicav_profile_sidialibenaoun.xml: Referenced file SidiAliBenAoun3.jpg not found
WARNING: /home/danielschopper/data/TUNOCENT/tunocent-content/vicav_profiles/tunocent/vicav_profile_sidialibenaoun.xml: Referenced file SidiAliBenAoun9.jpg not found
INFO: Processing vicav_profile_sidibouzid.xml...
WARNING: /home/danielschopper/data/TUNOCENT/tunocent-content/vicav_profiles/tunocent/vicav_profile_sidibouzid.xml: Referenced file SidiBouzid1.jpg not found
INFO: Processing vicav_profile_sidihmada.xml...
WARNING: /home/danielschopper/data/TUNOCENT/tunocent-content/vicav_profiles/tunocent/vicav_profile_sidihmada.xml: Referenced file SidiHmada1.jpg not found
WARNING: /home/danielschopper/data/TUNOCENT/tunocent-content/vicav_profiles/tunocent/vicav_profile_sidihmada.xml: Referenced file SidiHmada-2.jpg not found
WARNING: /home/danielschopper/data/TUNOCENT/tunocent-content/vicav_profiles/tunocent/vicav_profile_sidihmada.xml: Referenced file IMG_4580-scaled.jpg not found
WARNING: /home/danielschopper/data/TUNOCENT/tunocent-content/vicav_profiles/tunocent/vicav_profile_sidihmada.xml: Referenced file old_sidihmeda-scaled-e1581594838561.jpg not found
WARNING: /home/danielschopper/data/TUNOCENT/tunocent-content/vicav_profiles/tunocent/vicav_profile_sidihmada.xml: Referenced file kids_sidihmeda-scaled-e1581594155259.jpg not found
WARNING: /home/danielschopper/data/TUNOCENT/tunocent-content/vicav_profiles/tunocent/vicav_profile_sidihmada.xml: Referenced file SidiHmada-2.jpg not found
WARNING: /home/danielschopper/data/TUNOCENT/tunocent-content/vicav_profiles/tunocent/vicav_profile_sidihmada.xml: Referenced file IMG_4580-scaled.jpg not found
WARNING: /home/danielschopper/data/TUNOCENT/tunocent-content/vicav_profiles/tunocent/vicav_profile_sidihmada.xml: Referenced file old_sidihmeda-scaled-e1581594838561.jpg not found
WARNING: /home/danielschopper/data/TUNOCENT/tunocent-content/vicav_profiles/tunocent/vicav_profile_sidihmada.xml: Referenced file kids_sidihmeda-scaled-e1581594155259.jpg not found
INFO: Processing vicav_profile_sidishil.xml...
WARNING: /home/danielschopper/data/TUNOCENT/tunocent-content/vicav_profiles/tunocent/vicav_profile_sidishil.xml: Referenced file SidiShil1.jpg not found
WARNING: /home/danielschopper/data/TUNOCENT/tunocent-content/vicav_profiles/tunocent/vicav_profile_sidishil.xml: Referenced file Impressions_of_Sidi_Shil_(4).jpg not found
WARNING: /home/danielschopper/data/TUNOCENT/tunocent-content/vicav_profiles/tunocent/vicav_profile_sidishil.xml: Referenced file Old_wall.jpg not found
WARNING: /home/danielschopper/data/TUNOCENT/tunocent-content/vicav_profiles/tunocent/vicav_profile_sidishil.xml: Referenced file Impressions_of_Sidi_Shil_(3).jpg not found
WARNING: /home/danielschopper/data/TUNOCENT/tunocent-content/vicav_profiles/tunocent/vicav_profile_sidishil.xml: Referenced file Harmil.jpg not found
WARNING: /home/danielschopper/data/TUNOCENT/tunocent-content/vicav_profiles/tunocent/vicav_profile_sidishil.xml: Referenced file Impressions_of_Sidi_Shil_(4).jpg not found
WARNING: /home/danielschopper/data/TUNOCENT/tunocent-content/vicav_profiles/tunocent/vicav_profile_sidishil.xml: Referenced file Old_wall.jpg not found
WARNING: /home/danielschopper/data/TUNOCENT/tunocent-content/vicav_profiles/tunocent/vicav_profile_sidishil.xml: Referenced file Impressions_of_Sidi_Shil_(3).jpg not found
WARNING: /home/danielschopper/data/TUNOCENT/tunocent-content/vicav_profiles/tunocent/vicav_profile_sidishil.xml: Referenced file Harmil.jpg not found
INFO: Processing vicav_profile_siliana.xml...
WARNING: /home/danielschopper/data/TUNOCENT/tunocent-content/vicav_profiles/tunocent/vicav_profile_siliana.xml: Referenced file Siliana1.jpg not found
WARNING: /home/danielschopper/data/TUNOCENT/tunocent-content/vicav_profiles/tunocent/vicav_profile_siliana.xml: Referenced file IMG_4445-rotated.jpg not found
WARNING: /home/danielschopper/data/TUNOCENT/tunocent-content/vicav_profiles/tunocent/vicav_profile_siliana.xml: Referenced file IMG_4446-2-scaled.jpg not found
WARNING: /home/danielschopper/data/TUNOCENT/tunocent-content/vicav_profiles/tunocent/vicav_profile_siliana.xml: Referenced file Silyena-3.jpg not found
WARNING: /home/danielschopper/data/TUNOCENT/tunocent-content/vicav_profiles/tunocent/vicav_profile_siliana.xml: Referenced file Silyena-4.jpg not found
WARNING: /home/danielschopper/data/TUNOCENT/tunocent-content/vicav_profiles/tunocent/vicav_profile_siliana.xml: Referenced file Silyena-6-1_(1).jpg not found
WARNING: /home/danielschopper/data/TUNOCENT/tunocent-content/vicav_profiles/tunocent/vicav_profile_siliana.xml: Referenced file Silyena-7.jpg not found
WARNING: /home/danielschopper/data/TUNOCENT/tunocent-content/vicav_profiles/tunocent/vicav_profile_siliana.xml: Referenced file IMG_4445-rotated.jpg not found
WARNING: /home/danielschopper/data/TUNOCENT/tunocent-content/vicav_profiles/tunocent/vicav_profile_siliana.xml: Referenced file IMG_4446-2-scaled.jpg not found
WARNING: /home/danielschopper/data/TUNOCENT/tunocent-content/vicav_profiles/tunocent/vicav_profile_siliana.xml: Referenced file Silyena-3.jpg not found
WARNING: /home/danielschopper/data/TUNOCENT/tunocent-content/vicav_profiles/tunocent/vicav_profile_siliana.xml: Referenced file Silyena-4.jpg not found
WARNING: /home/danielschopper/data/TUNOCENT/tunocent-content/vicav_profiles/tunocent/vicav_profile_siliana.xml: Referenced file Silyena-6-1_(1).jpg not found
WARNING: /home/danielschopper/data/TUNOCENT/tunocent-content/vicav_profiles/tunocent/vicav_profile_siliana.xml: Referenced file Silyena-7.jpg not found
INFO: Processing vicav_profile_skhirat.xml...
WARNING: /home/danielschopper/data/TUNOCENT/tunocent-content/vicav_profiles/tunocent/vicav_profile_skhirat.xml: Referenced file Skhirat1.jpg not found
INFO: Processing vicav_profile_tabarka.xml...
WARNING: /home/danielschopper/data/TUNOCENT/tunocent-content/vicav_profiles/tunocent/vicav_profile_tabarka.xml: Referenced file Tabarka1.jpg not found
INFO: Processing vicav_profile_tajerouine.xml...
WARNING: /home/danielschopper/data/TUNOCENT/tunocent-content/vicav_profiles/tunocent/vicav_profile_tajerouine.xml: Referenced file Tajerouine1.jpg not found
WARNING: /home/danielschopper/data/TUNOCENT/tunocent-content/vicav_profiles/tunocent/vicav_profile_tajerouine.xml: Referenced file TAJEROUINE-1-scaled-e1585737722815-768x442.jpg not found
WARNING: /home/danielschopper/data/TUNOCENT/tunocent-content/vicav_profiles/tunocent/vicav_profile_tajerouine.xml: Referenced file TAJEROUINE-12-scaled-e1585738047932-300x300.jpg not found
WARNING: /home/danielschopper/data/TUNOCENT/tunocent-content/vicav_profiles/tunocent/vicav_profile_tajerouine.xml: Referenced file TAJEROUINE_fi-souq-1-scaled.jpg not found
WARNING: /home/danielschopper/data/TUNOCENT/tunocent-content/vicav_profiles/tunocent/vicav_profile_tajerouine.xml: Referenced file TAJEROUINE-1-scaled-e1585737722815.jpg not found
WARNING: /home/danielschopper/data/TUNOCENT/tunocent-content/vicav_profiles/tunocent/vicav_profile_tajerouine.xml: Referenced file TAJEROUINE-12-scaled-e1585738047932.jpg not found
WARNING: /home/danielschopper/data/TUNOCENT/tunocent-content/vicav_profiles/tunocent/vicav_profile_tajerouine.xml: Referenced file TAJEROUINE_fi-souq-1-scaled.jpg not found
INFO: Processing vicav_profile_tbainia.xml...
WARNING: /home/danielschopper/data/TUNOCENT/tunocent-content/vicav_profiles/tunocent/vicav_profile_tbainia.xml: Referenced file Tbainia1.jpg not found
INFO: Processing vicav_profile_teboursouk.xml...
WARNING: /home/danielschopper/data/TUNOCENT/tunocent-content/vicav_profiles/tunocent/vicav_profile_teboursouk.xml: Referenced file Teboursouk1.jpg not found
INFO: Processing vicav_profile_testour.xml...
WARNING: /home/danielschopper/data/TUNOCENT/tunocent-content/vicav_profiles/tunocent/vicav_profile_testour.xml: Referenced file Testour1.jpg not found
WARNING: /home/danielschopper/data/TUNOCENT/tunocent-content/vicav_profiles/tunocent/vicav_profile_testour.xml: Referenced file Testour_2-scaled-e1581591753519-300x278.jpg not found
WARNING: /home/danielschopper/data/TUNOCENT/tunocent-content/vicav_profiles/tunocent/vicav_profile_testour.xml: Referenced file Testour_2-scaled-e1581591753519.jpg not found
INFO: Processing completed.
INFO: No files were renamed.
INFO: Processing vicav_profile_aindraham.xml...
WARNING: /home/danielschopper/data/TUNOCENT/tunocent-content/vicav_profiles/tunocent/vicav_profile_aindraham.xml: Referenced file AinDraham_title.jpg not found
WARNING: /home/danielschopper/data/TUNOCENT/tunocent-content/vicav_profiles/tunocent/vicav_profile_aindraham.xml: Referenced file AinDraham-Kroumir.jpg not found
WARNING: /home/danielschopper/data/TUNOCENT/tunocent-content/vicav_profiles/tunocent/vicav_profile_aindraham.xml: Referenced file AinDraham-Ilona-local.jpg not found
WARNING: /home/danielschopper/data/TUNOCENT/tunocent-content/vicav_profiles/tunocent/vicav_profile_aindraham.xml: Referenced file AinDraham-building.jpg not found
WARNING: /home/danielschopper/data/TUNOCENT/tunocent-content/vicav_profiles/tunocent/vicav_profile_aindraham.xml: Referenced file AinDraham-trees.jpg not found
WARNING: /home/danielschopper/data/TUNOCENT/tunocent-content/vicav_profiles/tunocent/vicav_profile_aindraham.xml: Referenced file AinDraham-Kroumir.jpg not found
WARNING: /home/danielschopper/data/TUNOCENT/tunocent-content/vicav_profiles/tunocent/vicav_profile_aindraham.xml: Referenced file AinDraham-Ilona-local.jpg not found
WARNING: /home/danielschopper/data/TUNOCENT/tunocent-content/vicav_profiles/tunocent/vicav_profile_aindraham.xml: Referenced file AinDraham-building.jpg not found
WARNING: /home/danielschopper/data/TUNOCENT/tunocent-content/vicav_profiles/tunocent/vicav_profile_aindraham.xml: Referenced file AinDraham-trees.jpg not found
INFO: Processing vicav_profile_ainsoltane.xml...
WARNING: /home/danielschopper/data/TUNOCENT/tunocent-content/vicav_profiles/tunocent/vicav_profile_ainsoltane.xml: Referenced file AinSoltane1.jpg not found
INFO: Processing vicav_profile_amaymiya.xml...
WARNING: /home/danielschopper/data/TUNOCENT/tunocent-content/vicav_profiles/tunocent/vicav_profile_amaymiya.xml: Referenced file Amaymiya1.jpg not found
INFO: Processing vicav_profile_amdoun.xml...
WARNING: /home/danielschopper/data/TUNOCENT/tunocent-content/vicav_profiles/tunocent/vicav_profile_amdoun.xml: Referenced file Amdoun1.jpg not found
INFO: Processing vicav_profile_balta.xml...
WARNING: /home/danielschopper/data/TUNOCENT/tunocent-content/vicav_profiles/tunocent/vicav_profile_balta.xml: Referenced file Balta1.jpg not found
WARNING: /home/danielschopper/data/TUNOCENT/tunocent-content/vicav_profiles/tunocent/vicav_profile_balta.xml: Referenced file thumb/IMG_5100.jpg not found
WARNING: /home/danielschopper/data/TUNOCENT/tunocent-content/vicav_profiles/tunocent/vicav_profile_balta.xml: Referenced file thumb/HaneAbirMe.jpg not found
WARNING: /home/danielschopper/data/TUNOCENT/tunocent-content/vicav_profiles/tunocent/vicav_profile_balta.xml: Referenced file thumb/IMG_5667.jpg not found
WARNING: /home/danielschopper/data/TUNOCENT/tunocent-content/vicav_profiles/tunocent/vicav_profile_balta.xml: Referenced file thumb/IMG_5141.jpg not found
WARNING: /home/danielschopper/data/TUNOCENT/tunocent-content/vicav_profiles/tunocent/vicav_profile_balta.xml: Referenced file thumb/IMG_5130.jpg not found
WARNING: /home/danielschopper/data/TUNOCENT/tunocent-content/vicav_profiles/tunocent/vicav_profile_balta.xml: Referenced file thumb/IMG_E5125.jpg not found
WARNING: /home/danielschopper/data/TUNOCENT/tunocent-content/vicav_profiles/tunocent/vicav_profile_balta.xml: Referenced file thumb/IMG_5252.jpg not found
WARNING: /home/danielschopper/data/TUNOCENT/tunocent-content/vicav_profiles/tunocent/vicav_profile_balta.xml: Referenced file thumb/IMG_5224.jpg not found
WARNING: /home/danielschopper/data/TUNOCENT/tunocent-content/vicav_profiles/tunocent/vicav_profile_balta.xml: Referenced file IMG_5100.jpg not found
WARNING: /home/danielschopper/data/TUNOCENT/tunocent-content/vicav_profiles/tunocent/vicav_profile_balta.xml: Referenced file HaneAbirMe.jpg not found
WARNING: /home/danielschopper/data/TUNOCENT/tunocent-content/vicav_profiles/tunocent/vicav_profile_balta.xml: Referenced file IMG_5667.jpg not found
WARNING: /home/danielschopper/data/TUNOCENT/tunocent-content/vicav_profiles/tunocent/vicav_profile_balta.xml: Referenced file IMG_5141.jpg not found
WARNING: /home/danielschopper/data/TUNOCENT/tunocent-content/vicav_profiles/tunocent/vicav_profile_balta.xml: Referenced file IMG_5130.jpg not found
WARNING: /home/danielschopper/data/TUNOCENT/tunocent-content/vicav_profiles/tunocent/vicav_profile_balta.xml: Referenced file IMG_E5125.jpg not found
WARNING: /home/danielschopper/data/TUNOCENT/tunocent-content/vicav_profiles/tunocent/vicav_profile_balta.xml: Referenced file IMG_5252.jpg not found
WARNING: /home/danielschopper/data/TUNOCENT/tunocent-content/vicav_profiles/tunocent/vicav_profile_balta.xml: Referenced file IMG_5224.jpg not found
INFO: Processing vicav_profile_batenghazel.xml...
WARNING: /home/danielschopper/data/TUNOCENT/tunocent-content/vicav_profiles/tunocent/vicav_profile_batenghazel.xml: Referenced file Baten Ghazel1.jpg not found
WARNING: /home/danielschopper/data/TUNOCENT/tunocent-content/vicav_profiles/tunocent/vicav_profile_batenghazel.xml: Referenced file Baten Ghazel2.jpg not found
WARNING: /home/danielschopper/data/TUNOCENT/tunocent-content/vicav_profiles/tunocent/vicav_profile_batenghazel.xml: Referenced file Baten Ghazel3.jpg not found
WARNING: /home/danielschopper/data/TUNOCENT/tunocent-content/vicav_profiles/tunocent/vicav_profile_batenghazel.xml: Referenced file Baten Ghazel4.jpg not found
WARNING: /home/danielschopper/data/TUNOCENT/tunocent-content/vicav_profiles/tunocent/vicav_profile_batenghazel.xml: Referenced file Baten Ghazel5.jpg not found
INFO: Processing vicav_profile_beja.xml...
WARNING: /home/danielschopper/data/TUNOCENT/tunocent-content/vicav_profiles/tunocent/vicav_profile_beja.xml: Referenced file Beja1.jpg not found
WARNING: /home/danielschopper/data/TUNOCENT/tunocent-content/vicav_profiles/tunocent/vicav_profile_beja.xml: Referenced file thumb/Béja_5.jpg not found
WARNING: /home/danielschopper/data/TUNOCENT/tunocent-content/vicav_profiles/tunocent/vicav_profile_beja.xml: Referenced file thumb/Béja_6.jpg not found
WARNING: /home/danielschopper/data/TUNOCENT/tunocent-content/vicav_profiles/tunocent/vicav_profile_beja.xml: Referenced file thumb/béja_.jpg not found
WARNING: /home/danielschopper/data/TUNOCENT/tunocent-content/vicav_profiles/tunocent/vicav_profile_beja.xml: Referenced file thumb/Béja_7.jpg not found
WARNING: /home/danielschopper/data/TUNOCENT/tunocent-content/vicav_profiles/tunocent/vicav_profile_beja.xml: Referenced file Béja_5.jpg not found
WARNING: /home/danielschopper/data/TUNOCENT/tunocent-content/vicav_profiles/tunocent/vicav_profile_beja.xml: Referenced file Béja_6.jpg not found
WARNING: /home/danielschopper/data/TUNOCENT/tunocent-content/vicav_profiles/tunocent/vicav_profile_beja.xml: Referenced file béja_.jpg not found
WARNING: /home/danielschopper/data/TUNOCENT/tunocent-content/vicav_profiles/tunocent/vicav_profile_beja.xml: Referenced file Béja_7.jpg not found
INFO: Processing vicav_profile_birsaad.xml...
WARNING: /home/danielschopper/data/TUNOCENT/tunocent-content/vicav_profiles/tunocent/vicav_profile_birsaad.xml: Referenced file BirSaad_title.jpg not found
WARNING: /home/danielschopper/data/TUNOCENT/tunocent-content/vicav_profiles/tunocent/vicav_profile_birsaad.xml: Referenced file Aslema_Bir_Saad.jpg not found
WARNING: /home/danielschopper/data/TUNOCENT/tunocent-content/vicav_profiles/tunocent/vicav_profile_birsaad.xml: Referenced file BirSaad_Bislema.jpg not found
WARNING: /home/danielschopper/data/TUNOCENT/tunocent-content/vicav_profiles/tunocent/vicav_profile_birsaad.xml: Referenced file School_built_in_1969_(1).jpg not found
WARNING: /home/danielschopper/data/TUNOCENT/tunocent-content/vicav_profiles/tunocent/vicav_profile_birsaad.xml: Referenced file Market_place_(3).jpg not found
WARNING: /home/danielschopper/data/TUNOCENT/tunocent-content/vicav_profiles/tunocent/vicav_profile_birsaad.xml: Referenced file Researcher_Rawaa_with_her_interviewee.jpg not found
WARNING: /home/danielschopper/data/TUNOCENT/tunocent-content/vicav_profiles/tunocent/vicav_profile_birsaad.xml: Referenced file Mosque.jpg not found
WARNING: /home/danielschopper/data/TUNOCENT/tunocent-content/vicav_profiles/tunocent/vicav_profile_birsaad.xml: Referenced file Ruins_(2).jpg not found
WARNING: /home/danielschopper/data/TUNOCENT/tunocent-content/vicav_profiles/tunocent/vicav_profile_birsaad.xml: Referenced file Farming_tools_(3).jpg not found
WARNING: /home/danielschopper/data/TUNOCENT/tunocent-content/vicav_profiles/tunocent/vicav_profile_birsaad.xml: Referenced file Saad's_well_giving_the_place_a_name.jpg not found
WARNING: /home/danielschopper/data/TUNOCENT/tunocent-content/vicav_profiles/tunocent/vicav_profile_birsaad.xml: Referenced file Majen_for_digging_rain_water_(3).jpg not found
WARNING: /home/danielschopper/data/TUNOCENT/tunocent-content/vicav_profiles/tunocent/vicav_profile_birsaad.xml: Referenced file Majen_for_digging_rain_water_(2).jpg not found
WARNING: /home/danielschopper/data/TUNOCENT/tunocent-content/vicav_profiles/tunocent/vicav_profile_birsaad.xml: Referenced file Bazin_dish.jpg not found
WARNING: /home/danielschopper/data/TUNOCENT/tunocent-content/vicav_profiles/tunocent/vicav_profile_birsaad.xml: Referenced file Local_eating_Bazin.jpg not found
WARNING: /home/danielschopper/data/TUNOCENT/tunocent-content/vicav_profiles/tunocent/vicav_profile_birsaad.xml: Referenced file How_people_live.jpg not found
WARNING: /home/danielschopper/data/TUNOCENT/tunocent-content/vicav_profiles/tunocent/vicav_profile_birsaad.xml: Referenced file Traditional_bridal_gown.jpg not found
WARNING: /home/danielschopper/data/TUNOCENT/tunocent-content/vicav_profiles/tunocent/vicav_profile_birsaad.xml: Referenced file Belt_for_the_bridal_gown.jpg not found
WARNING: /home/danielschopper/data/TUNOCENT/tunocent-content/vicav_profiles/tunocent/vicav_profile_birsaad.xml: Referenced file Bridal_pillow_(1).jpg not found
WARNING: /home/danielschopper/data/TUNOCENT/tunocent-content/vicav_profiles/tunocent/vicav_profile_birsaad.xml: Referenced file Bridal_pillow_(3).jpg not found
WARNING: /home/danielschopper/data/TUNOCENT/tunocent-content/vicav_profiles/tunocent/vicav_profile_birsaad.xml: Referenced file handbag_for_the_bride.jpg not found
WARNING: /home/danielschopper/data/TUNOCENT/tunocent-content/vicav_profiles/tunocent/vicav_profile_birsaad.xml: Referenced file Carpet.jpg not found
WARNING: /home/danielschopper/data/TUNOCENT/tunocent-content/vicav_profiles/tunocent/vicav_profile_birsaad.xml: Referenced file Aslema_Bir_Saad.jpg not found
WARNING: /home/danielschopper/data/TUNOCENT/tunocent-content/vicav_profiles/tunocent/vicav_profile_birsaad.xml: Referenced file BirSaad_Bislema.jpg not found
WARNING: /home/danielschopper/data/TUNOCENT/tunocent-content/vicav_profiles/tunocent/vicav_profile_birsaad.xml: Referenced file School_built_in_1969_(1).jpg not found
WARNING: /home/danielschopper/data/TUNOCENT/tunocent-content/vicav_profiles/tunocent/vicav_profile_birsaad.xml: Referenced file Market_place_(3).jpg not found
WARNING: /home/danielschopper/data/TUNOCENT/tunocent-content/vicav_profiles/tunocent/vicav_profile_birsaad.xml: Referenced file Researcher_Rawaa_with_her_interviewee.jpg not found
WARNING: /home/danielschopper/data/TUNOCENT/tunocent-content/vicav_profiles/tunocent/vicav_profile_birsaad.xml: Referenced file Mosque.jpg not found
WARNING: /home/danielschopper/data/TUNOCENT/tunocent-content/vicav_profiles/tunocent/vicav_profile_birsaad.xml: Referenced file Ruins_(2).jpg not found
WARNING: /home/danielschopper/data/TUNOCENT/tunocent-content/vicav_profiles/tunocent/vicav_profile_birsaad.xml: Referenced file Farming_tools_(3).jpg not found
WARNING: /home/danielschopper/data/TUNOCENT/tunocent-content/vicav_profiles/tunocent/vicav_profile_birsaad.xml: Referenced file Saad's_well_giving_the_place_a_name.jpg not found
WARNING: /home/danielschopper/data/TUNOCENT/tunocent-content/vicav_profiles/tunocent/vicav_profile_birsaad.xml: Referenced file Majen_for_digging_rain_water_(3).jpg not found
WARNING: /home/danielschopper/data/TUNOCENT/tunocent-content/vicav_profiles/tunocent/vicav_profile_birsaad.xml: Referenced file Majen_for_digging_rain_water_(2).jpg not found
WARNING: /home/danielschopper/data/TUNOCENT/tunocent-content/vicav_profiles/tunocent/vicav_profile_birsaad.xml: Referenced file Bazin_dish.jpg not found
WARNING: /home/danielschopper/data/TUNOCENT/tunocent-content/vicav_profiles/tunocent/vicav_profile_birsaad.xml: Referenced file Local_eating_Bazin.jpg not found
WARNING: /home/danielschopper/data/TUNOCENT/tunocent-content/vicav_profiles/tunocent/vicav_profile_birsaad.xml: Referenced file How_people_live.jpg not found
WARNING: /home/danielschopper/data/TUNOCENT/tunocent-content/vicav_profiles/tunocent/vicav_profile_birsaad.xml: Referenced file Traditional_bridal_gown.jpg not found
WARNING: /home/danielschopper/data/TUNOCENT/tunocent-content/vicav_profiles/tunocent/vicav_profile_birsaad.xml: Referenced file Belt_for_the_bridal_gown.jpg not found
WARNING: /home/danielschopper/data/TUNOCENT/tunocent-content/vicav_profiles/tunocent/vicav_profile_birsaad.xml: Referenced file Bridal_pillow_(1).jpg not found
WARNING: /home/danielschopper/data/TUNOCENT/tunocent-content/vicav_profiles/tunocent/vicav_profile_birsaad.xml: Referenced file Bridal_pillow_(3).jpg not found
WARNING: /home/danielschopper/data/TUNOCENT/tunocent-content/vicav_profiles/tunocent/vicav_profile_birsaad.xml: Referenced file handbag_for_the_bride.jpg not found
WARNING: /home/danielschopper/data/TUNOCENT/tunocent-content/vicav_profiles/tunocent/vicav_profile_birsaad.xml: Referenced file Carpet.jpg not found
INFO: Processing vicav_profile_bouomrane.xml...
WARNING: /home/danielschopper/data/TUNOCENT/tunocent-content/vicav_profiles/tunocent/vicav_profile_bouomrane.xml: Referenced file BouOmrane1.jpg not found
WARNING: /home/danielschopper/data/TUNOCENT/tunocent-content/vicav_profiles/tunocent/vicav_profile_bouomrane.xml: Referenced file thumb/Mosque_of_Bou_Omrane.jpg not found
WARNING: /home/danielschopper/data/TUNOCENT/tunocent-content/vicav_profiles/tunocent/vicav_profile_bouomrane.xml: Referenced file thumb/The_mountain_village_of_Bou_Omrane_(4).jpg not found
WARNING: /home/danielschopper/data/TUNOCENT/tunocent-content/vicav_profiles/tunocent/vicav_profile_bouomrane.xml: Referenced file thumb/The_mountain_village_of_Bou_Omrane_(9).jpg not found
WARNING: /home/danielschopper/data/TUNOCENT/tunocent-content/vicav_profiles/tunocent/vicav_profile_bouomrane.xml: Referenced file thumb/Street_leading_from_the_old_Bou_Omrane_on_the_mountain_side_to_the_new_Bou_Omrane_at_the_bottom_of_it.jpg not found
WARNING: /home/danielschopper/data/TUNOCENT/tunocent-content/vicav_profiles/tunocent/vicav_profile_bouomrane.xml: Referenced file thumb/St._Saleh_on_the_mountain.jpg not found
WARNING: /home/danielschopper/data/TUNOCENT/tunocent-content/vicav_profiles/tunocent/vicav_profile_bouomrane.xml: Referenced file thumb/Way_to_Bou_Omrane.jpg not found
WARNING: /home/danielschopper/data/TUNOCENT/tunocent-content/vicav_profiles/tunocent/vicav_profile_bouomrane.xml: Referenced file thumb/Old_houses'_remains_(1).jpg not found
WARNING: /home/danielschopper/data/TUNOCENT/tunocent-content/vicav_profiles/tunocent/vicav_profile_bouomrane.xml: Referenced file thumb/Old_houses'_remains_(3).jpg not found
WARNING: /home/danielschopper/data/TUNOCENT/tunocent-content/vicav_profiles/tunocent/vicav_profile_bouomrane.xml: Referenced file thumb/The_mountain_village_of_Bou_Omrane_(8).jpg not found
WARNING: /home/danielschopper/data/TUNOCENT/tunocent-content/vicav_profiles/tunocent/vicav_profile_bouomrane.xml: Referenced file thumb/Old_houses'_remains_(5).jpg not found
WARNING: /home/danielschopper/data/TUNOCENT/tunocent-content/vicav_profiles/tunocent/vicav_profile_bouomrane.xml: Referenced file thumb/Old_houses'_remains_(4).jpg not found
WARNING: /home/danielschopper/data/TUNOCENT/tunocent-content/vicav_profiles/tunocent/vicav_profile_bouomrane.xml: Referenced file thumb/The_mountain_village_of_Bou_Omrane_(6).jpg not found
WARNING: /home/danielschopper/data/TUNOCENT/tunocent-content/vicav_profiles/tunocent/vicav_profile_bouomrane.xml: Referenced file thumb/Local_interviewee_(1).jpg not found
WARNING: /home/danielschopper/data/TUNOCENT/tunocent-content/vicav_profiles/tunocent/vicav_profile_bouomrane.xml: Referenced file thumb/House_of_a_martyr_who_died_under_French_occupation_(1).jpg not found
WARNING: /home/danielschopper/data/TUNOCENT/tunocent-content/vicav_profiles/tunocent/vicav_profile_bouomrane.xml: Referenced file thumb/Houses.jpg not found
WARNING: /home/danielschopper/data/TUNOCENT/tunocent-content/vicav_profiles/tunocent/vicav_profile_bouomrane.xml: Referenced file thumb/Traditional_life_(3).jpg not found
WARNING: /home/danielschopper/data/TUNOCENT/tunocent-content/vicav_profiles/tunocent/vicav_profile_bouomrane.xml: Referenced file thumb/Traditional_life_(7).jpg not found
WARNING: /home/danielschopper/data/TUNOCENT/tunocent-content/vicav_profiles/tunocent/vicav_profile_bouomrane.xml: Referenced file thumb/Traditional_life_(12)_(1).jpg not found
WARNING: /home/danielschopper/data/TUNOCENT/tunocent-content/vicav_profiles/tunocent/vicav_profile_bouomrane.xml: Referenced file thumb/Sheepskin_carpet_serving_as_padded_underlay_for_sleeping_-_still_in_use.jpg not found
WARNING: /home/danielschopper/data/TUNOCENT/tunocent-content/vicav_profiles/tunocent/vicav_profile_bouomrane.xml: Referenced file thumb/Traditional_life_(9).jpg not found
WARNING: /home/danielschopper/data/TUNOCENT/tunocent-content/vicav_profiles/tunocent/vicav_profile_bouomrane.xml: Referenced file thumb/manifactured_underlay_made_of_reed.jpg not found
WARNING: /home/danielschopper/data/TUNOCENT/tunocent-content/vicav_profiles/tunocent/vicav_profile_bouomrane.xml: Referenced file thumb/Traditional_life_(5).jpg not found
WARNING: /home/danielschopper/data/TUNOCENT/tunocent-content/vicav_profiles/tunocent/vicav_profile_bouomrane.xml: Referenced file thumb/Traditional_life_(1).jpg not found
WARNING: /home/danielschopper/data/TUNOCENT/tunocent-content/vicav_profiles/tunocent/vicav_profile_bouomrane.xml: Referenced file thumb/Traditional_life_(8).jpg not found
WARNING: /home/danielschopper/data/TUNOCENT/tunocent-content/vicav_profiles/tunocent/vicav_profile_bouomrane.xml: Referenced file Mosque_of_Bou_Omrane.jpg not found
WARNING: /home/danielschopper/data/TUNOCENT/tunocent-content/vicav_profiles/tunocent/vicav_profile_bouomrane.xml: Referenced file The_mountain_village_of_Bou_Omrane_(4).jpg not found
WARNING: /home/danielschopper/data/TUNOCENT/tunocent-content/vicav_profiles/tunocent/vicav_profile_bouomrane.xml: Referenced file The_mountain_village_of_Bou_Omrane_(9).jpg not found
WARNING: /home/danielschopper/data/TUNOCENT/tunocent-content/vicav_profiles/tunocent/vicav_profile_bouomrane.xml: Referenced file Street_leading_from_the_old_Bou_Omrane_on_the_mountain_side_to_the_new_Bou_Omrane_at_the_bottom_of_it.jpg not found
WARNING: /home/danielschopper/data/TUNOCENT/tunocent-content/vicav_profiles/tunocent/vicav_profile_bouomrane.xml: Referenced file St._Saleh_on_the_mountain.jpg not found
WARNING: /home/danielschopper/data/TUNOCENT/tunocent-content/vicav_profiles/tunocent/vicav_profile_bouomrane.xml: Referenced file Way_to_Bou_Omrane.jpg not found
WARNING: /home/danielschopper/data/TUNOCENT/tunocent-content/vicav_profiles/tunocent/vicav_profile_bouomrane.xml: Referenced file Old_houses'_remains_(1).jpg not found
WARNING: /home/danielschopper/data/TUNOCENT/tunocent-content/vicav_profiles/tunocent/vicav_profile_bouomrane.xml: Referenced file Old_houses'_remains_(3).jpg not found
WARNING: /home/danielschopper/data/TUNOCENT/tunocent-content/vicav_profiles/tunocent/vicav_profile_bouomrane.xml: Referenced file The_mountain_village_of_Bou_Omrane_(8).jpg not found
WARNING: /home/danielschopper/data/TUNOCENT/tunocent-content/vicav_profiles/tunocent/vicav_profile_bouomrane.xml: Referenced file Old_houses'_remains_(5).jpg not found
WARNING: /home/danielschopper/data/TUNOCENT/tunocent-content/vicav_profiles/tunocent/vicav_profile_bouomrane.xml: Referenced file Old_houses'_remains_(4).jpg not found
WARNING: /home/danielschopper/data/TUNOCENT/tunocent-content/vicav_profiles/tunocent/vicav_profile_bouomrane.xml: Referenced file The_mountain_village_of_Bou_Omrane_(6).jpg not found
WARNING: /home/danielschopper/data/TUNOCENT/tunocent-content/vicav_profiles/tunocent/vicav_profile_bouomrane.xml: Referenced file Local_interviewee_(1).jpg not found
WARNING: /home/danielschopper/data/TUNOCENT/tunocent-content/vicav_profiles/tunocent/vicav_profile_bouomrane.xml: Referenced file House_of_a_martyr_who_died_under_French_occupation_(1).jpg not found
WARNING: /home/danielschopper/data/TUNOCENT/tunocent-content/vicav_profiles/tunocent/vicav_profile_bouomrane.xml: Referenced file Houses.jpg not found
WARNING: /home/danielschopper/data/TUNOCENT/tunocent-content/vicav_profiles/tunocent/vicav_profile_bouomrane.xml: Referenced file Traditional_life_(3).jpg not found
WARNING: /home/danielschopper/data/TUNOCENT/tunocent-content/vicav_profiles/tunocent/vicav_profile_bouomrane.xml: Referenced file Traditional_life_(7).jpg not found
WARNING: /home/danielschopper/data/TUNOCENT/tunocent-content/vicav_profiles/tunocent/vicav_profile_bouomrane.xml: Referenced file Traditional_life_(12)_(1).jpg not found
WARNING: /home/danielschopper/data/TUNOCENT/tunocent-content/vicav_profiles/tunocent/vicav_profile_bouomrane.xml: Referenced file Sheepskin_carpet_serving_as_padded_underlay_for_sleeping_-_still_in_use.jpg not found
WARNING: /home/danielschopper/data/TUNOCENT/tunocent-content/vicav_profiles/tunocent/vicav_profile_bouomrane.xml: Referenced file Traditional_life_(9).jpg not found
WARNING: /home/danielschopper/data/TUNOCENT/tunocent-content/vicav_profiles/tunocent/vicav_profile_bouomrane.xml: Referenced file manifactured_underlay_made_of_reed.jpg not found
WARNING: /home/danielschopper/data/TUNOCENT/tunocent-content/vicav_profiles/tunocent/vicav_profile_bouomrane.xml: Referenced file Traditional_life_(5).jpg not found
WARNING: /home/danielschopper/data/TUNOCENT/tunocent-content/vicav_profiles/tunocent/vicav_profile_bouomrane.xml: Referenced file Traditional_life_(1).jpg not found
WARNING: /home/danielschopper/data/TUNOCENT/tunocent-content/vicav_profiles/tunocent/vicav_profile_bouomrane.xml: Referenced file Traditional_life_(8).jpg not found
INFO: Processing vicav_profile_bousaad.xml...
WARNING: /home/danielschopper/data/TUNOCENT/tunocent-content/vicav_profiles/tunocent/vicav_profile_bousaad.xml: Referenced file BouSaad1.jpg not found
WARNING: /home/danielschopper/data/TUNOCENT/tunocent-content/vicav_profiles/tunocent/vicav_profile_bousaad.xml: Referenced file thumb/School.jpg not found
WARNING: /home/danielschopper/data/TUNOCENT/tunocent-content/vicav_profiles/tunocent/vicav_profile_bousaad.xml: Referenced file thumb/School_(1).jpg not found
WARNING: /home/danielschopper/data/TUNOCENT/tunocent-content/vicav_profiles/tunocent/vicav_profile_bousaad.xml: Referenced file thumb/School_(2).jpg not found
WARNING: /home/danielschopper/data/TUNOCENT/tunocent-content/vicav_profiles/tunocent/vicav_profile_bousaad.xml: Referenced file thumb/Settlement_on_the_mountain.jpg not found
WARNING: /home/danielschopper/data/TUNOCENT/tunocent-content/vicav_profiles/tunocent/vicav_profile_bousaad.xml: Referenced file thumb/Settlement_on_the_mountain_(3).jpg not found
WARNING: /home/danielschopper/data/TUNOCENT/tunocent-content/vicav_profiles/tunocent/vicav_profile_bousaad.xml: Referenced file thumb/Settlement_on_the_mountain_(1).jpg not found
WARNING: /home/danielschopper/data/TUNOCENT/tunocent-content/vicav_profiles/tunocent/vicav_profile_bousaad.xml: Referenced file thumb/Tomb_of_Sidi_Saleh_(1).jpg not found
WARNING: /home/danielschopper/data/TUNOCENT/tunocent-content/vicav_profiles/tunocent/vicav_profile_bousaad.xml: Referenced file thumb/Tomb_of_Sidi_Saleh_(2).jpg not found
WARNING: /home/danielschopper/data/TUNOCENT/tunocent-content/vicav_profiles/tunocent/vicav_profile_bousaad.xml: Referenced file thumb/Tomb_of_Sidi_Saleh_(3).jpg not found
WARNING: /home/danielschopper/data/TUNOCENT/tunocent-content/vicav_profiles/tunocent/vicav_profile_bousaad.xml: Referenced file thumb/Berber_woman_with_traditional_tattoos.jpg not found
WARNING: /home/danielschopper/data/TUNOCENT/tunocent-content/vicav_profiles/tunocent/vicav_profile_bousaad.xml: Referenced file thumb/Riding_equipment.jpg not found
WARNING: /home/danielschopper/data/TUNOCENT/tunocent-content/vicav_profiles/tunocent/vicav_profile_bousaad.xml: Referenced file thumb/Cleaning_tools.jpg not found
WARNING: /home/danielschopper/data/TUNOCENT/tunocent-content/vicav_profiles/tunocent/vicav_profile_bousaad.xml: Referenced file School.jpg not found
WARNING: /home/danielschopper/data/TUNOCENT/tunocent-content/vicav_profiles/tunocent/vicav_profile_bousaad.xml: Referenced file School_(1).jpg not found
WARNING: /home/danielschopper/data/TUNOCENT/tunocent-content/vicav_profiles/tunocent/vicav_profile_bousaad.xml: Referenced file School_(2).jpg not found
WARNING: /home/danielschopper/data/TUNOCENT/tunocent-content/vicav_profiles/tunocent/vicav_profile_bousaad.xml: Referenced file Settlement_on_the_mountain.jpg not found
WARNING: /home/danielschopper/data/TUNOCENT/tunocent-content/vicav_profiles/tunocent/vicav_profile_bousaad.xml: Referenced file Settlement_on_the_mountain_(3).jpg not found
WARNING: /home/danielschopper/data/TUNOCENT/tunocent-content/vicav_profiles/tunocent/vicav_profile_bousaad.xml: Referenced file Settlement_on_the_mountain_(1).jpg not found
WARNING: /home/danielschopper/data/TUNOCENT/tunocent-content/vicav_profiles/tunocent/vicav_profile_bousaad.xml: Referenced file Tomb_of_Sidi_Saleh_(1).jpg not found
WARNING: /home/danielschopper/data/TUNOCENT/tunocent-content/vicav_profiles/tunocent/vicav_profile_bousaad.xml: Referenced file Tomb_of_Sidi_Saleh_(2).jpg not found
WARNING: /home/danielschopper/data/TUNOCENT/tunocent-content/vicav_profiles/tunocent/vicav_profile_bousaad.xml: Referenced file Tomb_of_Sidi_Saleh_(3).jpg not found
WARNING: /home/danielschopper/data/TUNOCENT/tunocent-content/vicav_profiles/tunocent/vicav_profile_bousaad.xml: Referenced file Berber_woman_with_traditional_tattoos.jpg not found
WARNING: /home/danielschopper/data/TUNOCENT/tunocent-content/vicav_profiles/tunocent/vicav_profile_bousaad.xml: Referenced file Riding_equipment.jpg not found
WARNING: /home/danielschopper/data/TUNOCENT/tunocent-content/vicav_profiles/tunocent/vicav_profile_bousaad.xml: Referenced file Cleaning_tools.jpg not found
INFO: Processing vicav_profile_dahmani.xml...
WARNING: /home/danielschopper/data/TUNOCENT/tunocent-content/vicav_profiles/tunocent/vicav_profile_dahmani.xml: Referenced file DAHMANI_title.jpg not found
WARNING: /home/danielschopper/data/TUNOCENT/tunocent-content/vicav_profiles/tunocent/vicav_profile_dahmani.xml: Referenced file thumb/DAHMANI_barcha-bisklet_Ali-scaled.jpg not found
WARNING: /home/danielschopper/data/TUNOCENT/tunocent-content/vicav_profiles/tunocent/vicav_profile_dahmani.xml: Referenced file thumb/DAHMANI_barcha-bisklet-1-scaled.jpg not found
WARNING: /home/danielschopper/data/TUNOCENT/tunocent-content/vicav_profiles/tunocent/vicav_profile_dahmani.xml: Referenced file thumb/DAHMANI_barcha-bisklet-5-scaled.jpg not found
WARNING: /home/danielschopper/data/TUNOCENT/tunocent-content/vicav_profiles/tunocent/vicav_profile_dahmani.xml: Referenced file thumb/DAHMANI_barcha-bisklet-7-scaled.jpg not found
WARNING: /home/danielschopper/data/TUNOCENT/tunocent-content/vicav_profiles/tunocent/vicav_profile_dahmani.xml: Referenced file thumb/DAHMANI_barcha-bisklet-8-scaled.jpg not found
WARNING: /home/danielschopper/data/TUNOCENT/tunocent-content/vicav_profiles/tunocent/vicav_profile_dahmani.xml: Referenced file thumb/DAHMANI_barcha-bisklet-9-scaled.jpg not found
WARNING: /home/danielschopper/data/TUNOCENT/tunocent-content/vicav_profiles/tunocent/vicav_profile_dahmani.xml: Referenced file thumb/DAHMANI_barcha-bisklet-10-scaled.jpg not found
WARNING: /home/danielschopper/data/TUNOCENT/tunocent-content/vicav_profiles/tunocent/vicav_profile_dahmani.xml: Referenced file thumb/DAHMANI_barcha-bisklet-11-scaled.jpg not found
WARNING: /home/danielschopper/data/TUNOCENT/tunocent-content/vicav_profiles/tunocent/vicav_profile_dahmani.xml: Referenced file thumb/DAHMANI_barcha-bisklet-12-scaled.jpg not found
WARNING: /home/danielschopper/data/TUNOCENT/tunocent-content/vicav_profiles/tunocent/vicav_profile_dahmani.xml: Referenced file thumb/DAHMANI-RIF-Ausflug-nach-Mdayna-8-scaled.jpg not found
WARNING: /home/danielschopper/data/TUNOCENT/tunocent-content/vicav_profiles/tunocent/vicav_profile_dahmani.xml: Referenced file thumb/IMG_20190917_103739099.jpg not found
WARNING: /home/danielschopper/data/TUNOCENT/tunocent-content/vicav_profiles/tunocent/vicav_profile_dahmani.xml: Referenced file thumb/IMG_20190917_111937415_HDR.jpg not found
WARNING: /home/danielschopper/data/TUNOCENT/tunocent-content/vicav_profiles/tunocent/vicav_profile_dahmani.xml: Referenced file thumb/IMG_20190917_103054463.jpg not found
WARNING: /home/danielschopper/data/TUNOCENT/tunocent-content/vicav_profiles/tunocent/vicav_profile_dahmani.xml: Referenced file thumb/IMG_20190917_120339241.jpg not found
WARNING: /home/danielschopper/data/TUNOCENT/tunocent-content/vicav_profiles/tunocent/vicav_profile_dahmani.xml: Referenced file thumb/IMG_20190917_112116187.jpg not found
WARNING: /home/danielschopper/data/TUNOCENT/tunocent-content/vicav_profiles/tunocent/vicav_profile_dahmani.xml: Referenced file thumb/IMG_20190917_111110031.jpg not found
WARNING: /home/danielschopper/data/TUNOCENT/tunocent-content/vicav_profiles/tunocent/vicav_profile_dahmani.xml: Referenced file IMG_20190917_102745560.jpg not found
WARNING: /home/danielschopper/data/TUNOCENT/tunocent-content/vicav_profiles/tunocent/vicav_profile_dahmani.xml: Referenced file DAHMANI_barcha-bisklet_Ali-scaled.jpg not found
WARNING: /home/danielschopper/data/TUNOCENT/tunocent-content/vicav_profiles/tunocent/vicav_profile_dahmani.xml: Referenced file DAHMANI_barcha-bisklet-1-scaled.jpg not found
WARNING: /home/danielschopper/data/TUNOCENT/tunocent-content/vicav_profiles/tunocent/vicav_profile_dahmani.xml: Referenced file DAHMANI_barcha-bisklet-5-scaled.jpg not found
WARNING: /home/danielschopper/data/TUNOCENT/tunocent-content/vicav_profiles/tunocent/vicav_profile_dahmani.xml: Referenced file DAHMANI_barcha-bisklet-7-scaled.jpg not found
WARNING: /home/danielschopper/data/TUNOCENT/tunocent-content/vicav_profiles/tunocent/vicav_profile_dahmani.xml: Referenced file DAHMANI_barcha-bisklet-8-scaled.jpg not found
WARNING: /home/danielschopper/data/TUNOCENT/tunocent-content/vicav_profiles/tunocent/vicav_profile_dahmani.xml: Referenced file DAHMANI_barcha-bisklet-9-scaled.jpg not found
WARNING: /home/danielschopper/data/TUNOCENT/tunocent-content/vicav_profiles/tunocent/vicav_profile_dahmani.xml: Referenced file DAHMANI_barcha-bisklet-10-scaled.jpg not found
WARNING: /home/danielschopper/data/TUNOCENT/tunocent-content/vicav_profiles/tunocent/vicav_profile_dahmani.xml: Referenced file DAHMANI_barcha-bisklet-11-scaled.jpg not found
WARNING: /home/danielschopper/data/TUNOCENT/tunocent-content/vicav_profiles/tunocent/vicav_profile_dahmani.xml: Referenced file DAHMANI_barcha-bisklet-12-scaled.jpg not found
WARNING: /home/danielschopper/data/TUNOCENT/tunocent-content/vicav_profiles/tunocent/vicav_profile_dahmani.xml: Referenced file DAHMANI-RIF-Ausflug-nach-Mdayna-8-scaled.jpg not found
WARNING: /home/danielschopper/data/TUNOCENT/tunocent-content/vicav_profiles/tunocent/vicav_profile_dahmani.xml: Referenced file IMG_20190917_103739099.jpg not found
WARNING: /home/danielschopper/data/TUNOCENT/tunocent-content/vicav_profiles/tunocent/vicav_profile_dahmani.xml: Referenced file IMG_20190917_111937415_HDR.jpg not found
WARNING: /home/danielschopper/data/TUNOCENT/tunocent-content/vicav_profiles/tunocent/vicav_profile_dahmani.xml: Referenced file IMG_20190917_103054463.jpg not found
WARNING: /home/danielschopper/data/TUNOCENT/tunocent-content/vicav_profiles/tunocent/vicav_profile_dahmani.xml: Referenced file IMG_20190917_120339241.jpg not found
WARNING: /home/danielschopper/data/TUNOCENT/tunocent-content/vicav_profiles/tunocent/vicav_profile_dahmani.xml: Referenced file IMG_20190917_112116187.jpg not found
WARNING: /home/danielschopper/data/TUNOCENT/tunocent-content/vicav_profiles/tunocent/vicav_profile_dahmani.xml: Referenced file IMG_20190917_111110031.jpg not found
WARNING: /home/danielschopper/data/TUNOCENT/tunocent-content/vicav_profiles/tunocent/vicav_profile_dahmani.xml: Referenced file IMG_20190917_102745560.jpg not found
INFO: Processing vicav_profile_douara.xml...
WARNING: /home/danielschopper/data/TUNOCENT/tunocent-content/vicav_profiles/tunocent/vicav_profile_douara.xml: Referenced file Douara1.jpg not found
WARNING: /home/danielschopper/data/TUNOCENT/tunocent-content/vicav_profiles/tunocent/vicav_profile_douara.xml: Referenced file Douara2.jpg not found
WARNING: /home/danielschopper/data/TUNOCENT/tunocent-content/vicav_profiles/tunocent/vicav_profile_douara.xml: Referenced file Douara3.jpg not found
INFO: Processing vicav_profile_dougga.xml...
WARNING: /home/danielschopper/data/TUNOCENT/tunocent-content/vicav_profiles/tunocent/vicav_profile_dougga.xml: Referenced file Dougga1.jpg not found
INFO: Processing vicav_profile_drija.xml...
WARNING: /home/danielschopper/data/TUNOCENT/tunocent-content/vicav_profiles/tunocent/vicav_profile_drija.xml: Referenced file Drija1.jpg not found
INFO: Processing vicav_profile_fajjtin.xml...
WARNING: /home/danielschopper/data/TUNOCENT/tunocent-content/vicav_profiles/tunocent/vicav_profile_fajjtin.xml: Referenced file FajjTin1.jpg not found
WARNING: /home/danielschopper/data/TUNOCENT/tunocent-content/vicav_profiles/tunocent/vicav_profile_fajjtin.xml: Referenced file FajjTin2.jpg not found
WARNING: /home/danielschopper/data/TUNOCENT/tunocent-content/vicav_profiles/tunocent/vicav_profile_fajjtin.xml: Referenced file FajjTin3.png not found
INFO: Processing vicav_profile_farshshih.xml...
WARNING: /home/danielschopper/data/TUNOCENT/tunocent-content/vicav_profiles/tunocent/vicav_profile_farshshih.xml: Referenced file FarshShih1.jpg not found
WARNING: /home/danielschopper/data/TUNOCENT/tunocent-content/vicav_profiles/tunocent/vicav_profile_farshshih.xml: Referenced file FarshShih2.jpg not found
WARNING: /home/danielschopper/data/TUNOCENT/tunocent-content/vicav_profiles/tunocent/vicav_profile_farshshih.xml: Referenced file FarshShih3.jpg not found
WARNING: /home/danielschopper/data/TUNOCENT/tunocent-content/vicav_profiles/tunocent/vicav_profile_farshshih.xml: Referenced file FarshShih4.jpg not found
WARNING: /home/danielschopper/data/TUNOCENT/tunocent-content/vicav_profiles/tunocent/vicav_profile_farshshih.xml: Referenced file FarshShih5.jpg not found
INFO: Processing vicav_profile_feriana.xml...
WARNING: /home/danielschopper/data/TUNOCENT/tunocent-content/vicav_profiles/tunocent/vicav_profile_feriana.xml: Referenced file Feriana1.jpg not found
WARNING: /home/danielschopper/data/TUNOCENT/tunocent-content/vicav_profiles/tunocent/vicav_profile_feriana.xml: Referenced file Feriana2.jpg not found
WARNING: /home/danielschopper/data/TUNOCENT/tunocent-content/vicav_profiles/tunocent/vicav_profile_feriana.xml: Referenced file Feriana3.jpg not found
WARNING: /home/danielschopper/data/TUNOCENT/tunocent-content/vicav_profiles/tunocent/vicav_profile_feriana.xml: Referenced file Feriana4.jpg not found
WARNING: /home/danielschopper/data/TUNOCENT/tunocent-content/vicav_profiles/tunocent/vicav_profile_feriana.xml: Referenced file Feriana5.jpg not found
INFO: Processing vicav_profile_frikhat.xml...
WARNING: /home/danielschopper/data/TUNOCENT/tunocent-content/vicav_profiles/tunocent/vicav_profile_frikhat.xml: Referenced file Frikhat1.jpg not found
WARNING: /home/danielschopper/data/TUNOCENT/tunocent-content/vicav_profiles/tunocent/vicav_profile_frikhat.xml: Referenced file Frikhat2.jpg not found
INFO: Processing vicav_profile_gafsa.xml...
WARNING: /home/danielschopper/data/TUNOCENT/tunocent-content/vicav_profiles/tunocent/vicav_profile_gafsa.xml: Referenced file Gafsa1.jpg not found
WARNING: /home/danielschopper/data/TUNOCENT/tunocent-content/vicav_profiles/tunocent/vicav_profile_gafsa.xml: Referenced file Gafsa-cat.jpg not found
WARNING: /home/danielschopper/data/TUNOCENT/tunocent-content/vicav_profiles/tunocent/vicav_profile_gafsa.xml: Referenced file Gafsa-tree.jpg not found
WARNING: /home/danielschopper/data/TUNOCENT/tunocent-content/vicav_profiles/tunocent/vicav_profile_gafsa.xml: Referenced file Gafsa-horse.jpg not found
WARNING: /home/danielschopper/data/TUNOCENT/tunocent-content/vicav_profiles/tunocent/vicav_profile_gafsa.xml: Referenced file Gafsa-street-bath.jpg not found
WARNING: /home/danielschopper/data/TUNOCENT/tunocent-content/vicav_profiles/tunocent/vicav_profile_gafsa.xml: Referenced file Gafsa-bath.jpg not found
WARNING: /home/danielschopper/data/TUNOCENT/tunocent-content/vicav_profiles/tunocent/vicav_profile_gafsa.xml: Referenced file Gafsa-bath2.jpg not found
WARNING: /home/danielschopper/data/TUNOCENT/tunocent-content/vicav_profiles/tunocent/vicav_profile_gafsa.xml: Referenced file Gafsa-mosque-sign.jpg not found
WARNING: /home/danielschopper/data/TUNOCENT/tunocent-content/vicav_profiles/tunocent/vicav_profile_gafsa.xml: Referenced file Gafsa-mosque.jpg not found
WARNING: /home/danielschopper/data/TUNOCENT/tunocent-content/vicav_profiles/tunocent/vicav_profile_gafsa.xml: Referenced file Gafsa-mosque-spring.jpg not found
WARNING: /home/danielschopper/data/TUNOCENT/tunocent-content/vicav_profiles/tunocent/vicav_profile_gafsa.xml: Referenced file Gafsa-roundabout.jpg not found
WARNING: /home/danielschopper/data/TUNOCENT/tunocent-content/vicav_profiles/tunocent/vicav_profile_gafsa.xml: Referenced file Gafsa-house.jpg not found
WARNING: /home/danielschopper/data/TUNOCENT/tunocent-content/vicav_profiles/tunocent/vicav_profile_gafsa.xml: Referenced file Gafsa-local.jpg not found
WARNING: /home/danielschopper/data/TUNOCENT/tunocent-content/vicav_profiles/tunocent/vicav_profile_gafsa.xml: Referenced file Gafsa-street.jpg not found
WARNING: /home/danielschopper/data/TUNOCENT/tunocent-content/vicav_profiles/tunocent/vicav_profile_gafsa.xml: Referenced file Gafsa-cat.jpg not found
WARNING: /home/danielschopper/data/TUNOCENT/tunocent-content/vicav_profiles/tunocent/vicav_profile_gafsa.xml: Referenced file Gafsa-tree.jpg not found
WARNING: /home/danielschopper/data/TUNOCENT/tunocent-content/vicav_profiles/tunocent/vicav_profile_gafsa.xml: Referenced file Gafsa-horse.jpg not found
WARNING: /home/danielschopper/data/TUNOCENT/tunocent-content/vicav_profiles/tunocent/vicav_profile_gafsa.xml: Referenced file Gafsa-street-bath.jpg not found
WARNING: /home/danielschopper/data/TUNOCENT/tunocent-content/vicav_profiles/tunocent/vicav_profile_gafsa.xml: Referenced file Gafsa-bath.jpg not found
WARNING: /home/danielschopper/data/TUNOCENT/tunocent-content/vicav_profiles/tunocent/vicav_profile_gafsa.xml: Referenced file Gafsa-bath2.jpg not found
WARNING: /home/danielschopper/data/TUNOCENT/tunocent-content/vicav_profiles/tunocent/vicav_profile_gafsa.xml: Referenced file Gafsa-mosque-sign.jpg not found
WARNING: /home/danielschopper/data/TUNOCENT/tunocent-content/vicav_profiles/tunocent/vicav_profile_gafsa.xml: Referenced file Gafsa-mosque.jpg not found
WARNING: /home/danielschopper/data/TUNOCENT/tunocent-content/vicav_profiles/tunocent/vicav_profile_gafsa.xml: Referenced file Gafsa-mosque-spring.jpg not found
WARNING: /home/danielschopper/data/TUNOCENT/tunocent-content/vicav_profiles/tunocent/vicav_profile_gafsa.xml: Referenced file Gafsa-roundabout.jpg not found
WARNING: /home/danielschopper/data/TUNOCENT/tunocent-content/vicav_profiles/tunocent/vicav_profile_gafsa.xml: Referenced file Gafsa-house.jpg not found
WARNING: /home/danielschopper/data/TUNOCENT/tunocent-content/vicav_profiles/tunocent/vicav_profile_gafsa.xml: Referenced file Gafsa-local.jpg not found
WARNING: /home/danielschopper/data/TUNOCENT/tunocent-content/vicav_profiles/tunocent/vicav_profile_gafsa.xml: Referenced file Gafsa-street.jpg not found
INFO: Processing vicav_profile_garia.xml...
WARNING: /home/danielschopper/data/TUNOCENT/tunocent-content/vicav_profiles/tunocent/vicav_profile_garia.xml: Referenced file GariaShamaliya_title.jpg not found
WARNING: /home/danielschopper/data/TUNOCENT/tunocent-content/vicav_profiles/tunocent/vicav_profile_garia.xml: Referenced file GariaShamaliya-6-scaled.jpg not found
WARNING: /home/danielschopper/data/TUNOCENT/tunocent-content/vicav_profiles/tunocent/vicav_profile_garia.xml: Referenced file GariaShamaliya-3.jpg not found
WARNING: /home/danielschopper/data/TUNOCENT/tunocent-content/vicav_profiles/tunocent/vicav_profile_garia.xml: Referenced file GariaShamaliya-scaled.jpg not found
WARNING: /home/danielschopper/data/TUNOCENT/tunocent-content/vicav_profiles/tunocent/vicav_profile_garia.xml: Referenced file GariaShamaliya-2-300x122.jpg not found
WARNING: /home/danielschopper/data/TUNOCENT/tunocent-content/vicav_profiles/tunocent/vicav_profile_garia.xml: Referenced file GariaShamaliya-6-scaled.jpg not found
WARNING: /home/danielschopper/data/TUNOCENT/tunocent-content/vicav_profiles/tunocent/vicav_profile_garia.xml: Referenced file GariaShamaliya-3.jpg not found
WARNING: /home/danielschopper/data/TUNOCENT/tunocent-content/vicav_profiles/tunocent/vicav_profile_garia.xml: Referenced file GariaShamaliya-scaled.jpg not found
WARNING: /home/danielschopper/data/TUNOCENT/tunocent-content/vicav_profiles/tunocent/vicav_profile_garia.xml: Referenced file GariaShamaliya-2-scaled.jpg not found
INFO: Processing vicav_profile_gboullat.xml...
WARNING: /home/danielschopper/data/TUNOCENT/tunocent-content/vicav_profiles/tunocent/vicav_profile_gboullat.xml: Referenced file Gboullat1.jpg not found
WARNING: /home/danielschopper/data/TUNOCENT/tunocent-content/vicav_profiles/tunocent/vicav_profile_gboullat.xml: Referenced file Gboullat2.jpg not found
WARNING: /home/danielschopper/data/TUNOCENT/tunocent-content/vicav_profiles/tunocent/vicav_profile_gboullat.xml: Referenced file Gboullat3.jpg not found
WARNING: /home/danielschopper/data/TUNOCENT/tunocent-content/vicav_profiles/tunocent/vicav_profile_gboullat.xml: Referenced file Gboullat4.jpg not found
WARNING: /home/danielschopper/data/TUNOCENT/tunocent-content/vicav_profiles/tunocent/vicav_profile_gboullat.xml: Referenced file Gboullat5.jpg not found
WARNING: /home/danielschopper/data/TUNOCENT/tunocent-content/vicav_profiles/tunocent/vicav_profile_gboullat.xml: Referenced file Gboullat6.jpg not found
WARNING: /home/danielschopper/data/TUNOCENT/tunocent-content/vicav_profiles/tunocent/vicav_profile_gboullat.xml: Referenced file Gboullat7.jpg not found
WARNING: /home/danielschopper/data/TUNOCENT/tunocent-content/vicav_profiles/tunocent/vicav_profile_gboullat.xml: Referenced file Gboullat8.jpg not found
WARNING: /home/danielschopper/data/TUNOCENT/tunocent-content/vicav_profiles/tunocent/vicav_profile_gboullat.xml: Referenced file Gboullat9.jpg not found
WARNING: /home/danielschopper/data/TUNOCENT/tunocent-content/vicav_profiles/tunocent/vicav_profile_gboullat.xml: Referenced file Gboullat10.jpg not found
INFO: Processing vicav_profile_gobrar.xml...
WARNING: /home/danielschopper/data/TUNOCENT/tunocent-content/vicav_profiles/tunocent/vicav_profile_gobrar.xml: Referenced file Gobrar1.jpg not found
WARNING: /home/danielschopper/data/TUNOCENT/tunocent-content/vicav_profiles/tunocent/vicav_profile_gobrar.xml: Referenced file Gobrar2.jpg not found
WARNING: /home/danielschopper/data/TUNOCENT/tunocent-content/vicav_profiles/tunocent/vicav_profile_gobrar.xml: Referenced file Gobrar3.jpg not found
WARNING: /home/danielschopper/data/TUNOCENT/tunocent-content/vicav_profiles/tunocent/vicav_profile_gobrar.xml: Referenced file Gobrar4.jpg not found
WARNING: /home/danielschopper/data/TUNOCENT/tunocent-content/vicav_profiles/tunocent/vicav_profile_gobrar.xml: Referenced file Gobrar5.jpg not found
WARNING: /home/danielschopper/data/TUNOCENT/tunocent-content/vicav_profiles/tunocent/vicav_profile_gobrar.xml: Referenced file Gobrar6.jpg not found
INFO: Processing vicav_profile_guettar.xml...
WARNING: /home/danielschopper/data/TUNOCENT/tunocent-content/vicav_profiles/tunocent/vicav_profile_guettar.xml: Referenced file Guettar_title.jpg not found
WARNING: /home/danielschopper/data/TUNOCENT/tunocent-content/vicav_profiles/tunocent/vicav_profile_guettar.xml: Referenced file IMG_20190825_091549199-1-scaled.jpg not found
WARNING: /home/danielschopper/data/TUNOCENT/tunocent-content/vicav_profiles/tunocent/vicav_profile_guettar.xml: Referenced file IMG_20190825_092317412-scaled.jpg not found
WARNING: /home/danielschopper/data/TUNOCENT/tunocent-content/vicav_profiles/tunocent/vicav_profile_guettar.xml: Referenced file IMG_20190824_103558119-1-scaled.jpg not found
WARNING: /home/danielschopper/data/TUNOCENT/tunocent-content/vicav_profiles/tunocent/vicav_profile_guettar.xml: Referenced file IMG_20190824_090315598-scaled.jpg not found
WARNING: /home/danielschopper/data/TUNOCENT/tunocent-content/vicav_profiles/tunocent/vicav_profile_guettar.xml: Referenced file IMG_20190824_111649504-scaled.jpg not found
WARNING: /home/danielschopper/data/TUNOCENT/tunocent-content/vicav_profiles/tunocent/vicav_profile_guettar.xml: Referenced file IMG_20190824_111816861-scaled.jpg not found
WARNING: /home/danielschopper/data/TUNOCENT/tunocent-content/vicav_profiles/tunocent/vicav_profile_guettar.xml: Referenced file IMG_20190829_090946792-scaled.jpg not found
WARNING: /home/danielschopper/data/TUNOCENT/tunocent-content/vicav_profiles/tunocent/vicav_profile_guettar.xml: Referenced file IMG_20190824_101914929-scaled.jpg not found
WARNING: /home/danielschopper/data/TUNOCENT/tunocent-content/vicav_profiles/tunocent/vicav_profile_guettar.xml: Referenced file IMG_20190824_121522323-scaled.jpg not found
WARNING: /home/danielschopper/data/TUNOCENT/tunocent-content/vicav_profiles/tunocent/vicav_profile_guettar.xml: Referenced file IMG_20190824_082147426-scaled.jpg not found
WARNING: /home/danielschopper/data/TUNOCENT/tunocent-content/vicav_profiles/tunocent/vicav_profile_guettar.xml: Referenced file IMG_20190824_102036342-scaled.jpg not found
WARNING: /home/danielschopper/data/TUNOCENT/tunocent-content/vicav_profiles/tunocent/vicav_profile_guettar.xml: Referenced file IMG_20190824_101906894-scaled.jpg not found
WARNING: /home/danielschopper/data/TUNOCENT/tunocent-content/vicav_profiles/tunocent/vicav_profile_guettar.xml: Referenced file IMG_20190826_105126837-scaled.jpg not found
WARNING: /home/danielschopper/data/TUNOCENT/tunocent-content/vicav_profiles/tunocent/vicav_profile_guettar.xml: Referenced file IMG_20190826_104835123-scaled.jpg not found
WARNING: /home/danielschopper/data/TUNOCENT/tunocent-content/vicav_profiles/tunocent/vicav_profile_guettar.xml: Referenced file IMG_20190824_102058123-scaled.jpg not found
WARNING: /home/danielschopper/data/TUNOCENT/tunocent-content/vicav_profiles/tunocent/vicav_profile_guettar.xml: Referenced file IMG_20190824_191856077-scaled.jpg not found
WARNING: /home/danielschopper/data/TUNOCENT/tunocent-content/vicav_profiles/tunocent/vicav_profile_guettar.xml: Referenced file IMG_20190828_100041164-scaled.jpg not found
WARNING: /home/danielschopper/data/TUNOCENT/tunocent-content/vicav_profiles/tunocent/vicav_profile_guettar.xml: Referenced file IMG_20190828_100331624-scaled.jpg not found
WARNING: /home/danielschopper/data/TUNOCENT/tunocent-content/vicav_profiles/tunocent/vicav_profile_guettar.xml: Referenced file Guettar-dough.jpg not found
WARNING: /home/danielschopper/data/TUNOCENT/tunocent-content/vicav_profiles/tunocent/vicav_profile_guettar.xml: Referenced file Guettar-prepare.jpg not found
WARNING: /home/danielschopper/data/TUNOCENT/tunocent-content/vicav_profiles/tunocent/vicav_profile_guettar.xml: Referenced file Guettar-leaves.jpg not found
WARNING: /home/danielschopper/data/TUNOCENT/tunocent-content/vicav_profiles/tunocent/vicav_profile_guettar.xml: Referenced file Guettar-couscous.jpg not found
WARNING: /home/danielschopper/data/TUNOCENT/tunocent-content/vicav_profiles/tunocent/vicav_profile_guettar.xml: Referenced file Guettar-mtabga.jpg not found
WARNING: /home/danielschopper/data/TUNOCENT/tunocent-content/vicav_profiles/tunocent/vicav_profile_guettar.xml: Referenced file Guettar-mtabga2.jpg not found
WARNING: /home/danielschopper/data/TUNOCENT/tunocent-content/vicav_profiles/tunocent/vicav_profile_guettar.xml: Referenced file Guettar-mtabga3.jpg not found
WARNING: /home/danielschopper/data/TUNOCENT/tunocent-content/vicav_profiles/tunocent/vicav_profile_guettar.xml: Referenced file Guettar-couscous2.jpg not found
WARNING: /home/danielschopper/data/TUNOCENT/tunocent-content/vicav_profiles/tunocent/vicav_profile_guettar.xml: Referenced file Guettar-palm.jpg not found
WARNING: /home/danielschopper/data/TUNOCENT/tunocent-content/vicav_profiles/tunocent/vicav_profile_guettar.xml: Referenced file IMG_20190824_120404363-1-scaled.jpg not found
WARNING: /home/danielschopper/data/TUNOCENT/tunocent-content/vicav_profiles/tunocent/vicav_profile_guettar.xml: Referenced file IMG_20190828_190449485-scaled.jpg not found
WARNING: /home/danielschopper/data/TUNOCENT/tunocent-content/vicav_profiles/tunocent/vicav_profile_guettar.xml: Referenced file IMG_20190824_195910713-scaled.jpg not found
WARNING: /home/danielschopper/data/TUNOCENT/tunocent-content/vicav_profiles/tunocent/vicav_profile_guettar.xml: Referenced file IMG_20190824_195806482-scaled.jpg not found
WARNING: /home/danielschopper/data/TUNOCENT/tunocent-content/vicav_profiles/tunocent/vicav_profile_guettar.xml: Referenced file IMG_20190824_120746569-scaled.jpg not found
WARNING: /home/danielschopper/data/TUNOCENT/tunocent-content/vicav_profiles/tunocent/vicav_profile_guettar.xml: Referenced file Guettar-shrine.jpg not found
WARNING: /home/danielschopper/data/TUNOCENT/tunocent-content/vicav_profiles/tunocent/vicav_profile_guettar.xml: Referenced file Guettar-roof.jpg not found
WARNING: /home/danielschopper/data/TUNOCENT/tunocent-content/vicav_profiles/tunocent/vicav_profile_guettar.xml: Referenced file Guettar-shrine-desc.jpg not found
WARNING: /home/danielschopper/data/TUNOCENT/tunocent-content/vicav_profiles/tunocent/vicav_profile_guettar.xml: Referenced file Guettar-shrine-desc2.jpg not found
WARNING: /home/danielschopper/data/TUNOCENT/tunocent-content/vicav_profiles/tunocent/vicav_profile_guettar.xml: Referenced file Guettar-shrine-desc3.jpg not found
WARNING: /home/danielschopper/data/TUNOCENT/tunocent-content/vicav_profiles/tunocent/vicav_profile_guettar.xml: Referenced file Guettar-golden-plaque.jpg not found
WARNING: /home/danielschopper/data/TUNOCENT/tunocent-content/vicav_profiles/tunocent/vicav_profile_guettar.xml: Referenced file Guettar-flags.jpg not found
WARNING: /home/danielschopper/data/TUNOCENT/tunocent-content/vicav_profiles/tunocent/vicav_profile_guettar.xml: Referenced file Guettar-carpets.jpg not found
WARNING: /home/danielschopper/data/TUNOCENT/tunocent-content/vicav_profiles/tunocent/vicav_profile_guettar.xml: Referenced file Guettar-shrine-yard.jpg not found
WARNING: /home/danielschopper/data/TUNOCENT/tunocent-content/vicav_profiles/tunocent/vicav_profile_guettar.xml: Referenced file IMG_20190825_091549199-1-scaled.jpg not found
WARNING: /home/danielschopper/data/TUNOCENT/tunocent-content/vicav_profiles/tunocent/vicav_profile_guettar.xml: Referenced file IMG_20190825_092317412-scaled.jpg not found
WARNING: /home/danielschopper/data/TUNOCENT/tunocent-content/vicav_profiles/tunocent/vicav_profile_guettar.xml: Referenced file IMG_20190824_103558119-1-scaled.jpg not found
WARNING: /home/danielschopper/data/TUNOCENT/tunocent-content/vicav_profiles/tunocent/vicav_profile_guettar.xml: Referenced file IMG_20190824_090315598-scaled.jpg not found
WARNING: /home/danielschopper/data/TUNOCENT/tunocent-content/vicav_profiles/tunocent/vicav_profile_guettar.xml: Referenced file IMG_20190824_111649504-scaled.jpg not found
WARNING: /home/danielschopper/data/TUNOCENT/tunocent-content/vicav_profiles/tunocent/vicav_profile_guettar.xml: Referenced file IMG_20190824_111816861-scaled.jpg not found
WARNING: /home/danielschopper/data/TUNOCENT/tunocent-content/vicav_profiles/tunocent/vicav_profile_guettar.xml: Referenced file IMG_20190829_090946792-scaled.jpg not found
WARNING: /home/danielschopper/data/TUNOCENT/tunocent-content/vicav_profiles/tunocent/vicav_profile_guettar.xml: Referenced file IMG_20190824_101914929-scaled.jpg not found
WARNING: /home/danielschopper/data/TUNOCENT/tunocent-content/vicav_profiles/tunocent/vicav_profile_guettar.xml: Referenced file IMG_20190824_121522323-scaled.jpg not found
WARNING: /home/danielschopper/data/TUNOCENT/tunocent-content/vicav_profiles/tunocent/vicav_profile_guettar.xml: Referenced file IMG_20190824_082147426-scaled.jpg not found
WARNING: /home/danielschopper/data/TUNOCENT/tunocent-content/vicav_profiles/tunocent/vicav_profile_guettar.xml: Referenced file IMG_20190824_102036342-scaled.jpg not found
WARNING: /home/danielschopper/data/TUNOCENT/tunocent-content/vicav_profiles/tunocent/vicav_profile_guettar.xml: Referenced file IMG_20190824_101906894-scaled.jpg not found
WARNING: /home/danielschopper/data/TUNOCENT/tunocent-content/vicav_profiles/tunocent/vicav_profile_guettar.xml: Referenced file IMG_20190826_105126837-scaled.jpg not found
WARNING: /home/danielschopper/data/TUNOCENT/tunocent-content/vicav_profiles/tunocent/vicav_profile_guettar.xml: Referenced file IMG_20190826_104835123-scaled.jpg not found
WARNING: /home/danielschopper/data/TUNOCENT/tunocent-content/vicav_profiles/tunocent/vicav_profile_guettar.xml: Referenced file IMG_20190824_102058123-scaled.jpg not found
WARNING: /home/danielschopper/data/TUNOCENT/tunocent-content/vicav_profiles/tunocent/vicav_profile_guettar.xml: Referenced file IMG_20190824_191856077-scaled.jpg not found
WARNING: /home/danielschopper/data/TUNOCENT/tunocent-content/vicav_profiles/tunocent/vicav_profile_guettar.xml: Referenced file IMG_20190828_100041164-scaled.jpg not found
WARNING: /home/danielschopper/data/TUNOCENT/tunocent-content/vicav_profiles/tunocent/vicav_profile_guettar.xml: Referenced file IMG_20190828_100331624-scaled.jpg not found
WARNING: /home/danielschopper/data/TUNOCENT/tunocent-content/vicav_profiles/tunocent/vicav_profile_guettar.xml: Referenced file Guettar-dough.jpg not found
WARNING: /home/danielschopper/data/TUNOCENT/tunocent-content/vicav_profiles/tunocent/vicav_profile_guettar.xml: Referenced file Guettar-prepare.jpg not found
WARNING: /home/danielschopper/data/TUNOCENT/tunocent-content/vicav_profiles/tunocent/vicav_profile_guettar.xml: Referenced file Guettar-leaves.jpg not found
WARNING: /home/danielschopper/data/TUNOCENT/tunocent-content/vicav_profiles/tunocent/vicav_profile_guettar.xml: Referenced file Guettar-couscous.jpg not found
WARNING: /home/danielschopper/data/TUNOCENT/tunocent-content/vicav_profiles/tunocent/vicav_profile_guettar.xml: Referenced file Guettar-mtabga.jpg not found
WARNING: /home/danielschopper/data/TUNOCENT/tunocent-content/vicav_profiles/tunocent/vicav_profile_guettar.xml: Referenced file Guettar-mtabga2.jpg not found
WARNING: /home/danielschopper/data/TUNOCENT/tunocent-content/vicav_profiles/tunocent/vicav_profile_guettar.xml: Referenced file Guettar-mtabga3.jpg not found
WARNING: /home/danielschopper/data/TUNOCENT/tunocent-content/vicav_profiles/tunocent/vicav_profile_guettar.xml: Referenced file Guettar-couscous2.jpg not found
WARNING: /home/danielschopper/data/TUNOCENT/tunocent-content/vicav_profiles/tunocent/vicav_profile_guettar.xml: Referenced file Guettar-palm.jpg not found
WARNING: /home/danielschopper/data/TUNOCENT/tunocent-content/vicav_profiles/tunocent/vicav_profile_guettar.xml: Referenced file IMG_20190824_120404363-1-scaled.jpg not found
WARNING: /home/danielschopper/data/TUNOCENT/tunocent-content/vicav_profiles/tunocent/vicav_profile_guettar.xml: Referenced file IMG_20190828_190449485-scaled.jpg not found
WARNING: /home/danielschopper/data/TUNOCENT/tunocent-content/vicav_profiles/tunocent/vicav_profile_guettar.xml: Referenced file IMG_20190824_195910713-scaled.jpg not found
WARNING: /home/danielschopper/data/TUNOCENT/tunocent-content/vicav_profiles/tunocent/vicav_profile_guettar.xml: Referenced file IMG_20190824_195806482-scaled.jpg not found
WARNING: /home/danielschopper/data/TUNOCENT/tunocent-content/vicav_profiles/tunocent/vicav_profile_guettar.xml: Referenced file IMG_20190824_120746569-scaled.jpg not found
WARNING: /home/danielschopper/data/TUNOCENT/tunocent-content/vicav_profiles/tunocent/vicav_profile_guettar.xml: Referenced file Guettar-shrine.jpg not found
WARNING: /home/danielschopper/data/TUNOCENT/tunocent-content/vicav_profiles/tunocent/vicav_profile_guettar.xml: Referenced file Guettar-roof.jpg not found
WARNING: /home/danielschopper/data/TUNOCENT/tunocent-content/vicav_profiles/tunocent/vicav_profile_guettar.xml: Referenced file Guettar-shrine-desc.jpg not found
WARNING: /home/danielschopper/data/TUNOCENT/tunocent-content/vicav_profiles/tunocent/vicav_profile_guettar.xml: Referenced file Guettar-shrine-desc2.jpg not found
WARNING: /home/danielschopper/data/TUNOCENT/tunocent-content/vicav_profiles/tunocent/vicav_profile_guettar.xml: Referenced file Guettar-shrine-desc3.jpg not found
WARNING: /home/danielschopper/data/TUNOCENT/tunocent-content/vicav_profiles/tunocent/vicav_profile_guettar.xml: Referenced file Guettar-golden-plaque.jpg not found
WARNING: /home/danielschopper/data/TUNOCENT/tunocent-content/vicav_profiles/tunocent/vicav_profile_guettar.xml: Referenced file Guettar-flags.jpg not found
WARNING: /home/danielschopper/data/TUNOCENT/tunocent-content/vicav_profiles/tunocent/vicav_profile_guettar.xml: Referenced file Guettar-carpets.jpg not found
WARNING: /home/danielschopper/data/TUNOCENT/tunocent-content/vicav_profiles/tunocent/vicav_profile_guettar.xml: Referenced file Guettar-shrine-yard.jpg not found
INFO: Processing vicav_profile_haidra.xml...
WARNING: /home/danielschopper/data/TUNOCENT/tunocent-content/vicav_profiles/tunocent/vicav_profile_haidra.xml: Referenced file Haidra1.jpg not found
INFO: Processing vicav_profile_hassifrid.xml...
WARNING: /home/danielschopper/data/TUNOCENT/tunocent-content/vicav_profiles/tunocent/vicav_profile_hassifrid.xml: Referenced file HassiFrid1.jpg not found
WARNING: /home/danielschopper/data/TUNOCENT/tunocent-content/vicav_profiles/tunocent/vicav_profile_hassifrid.xml: Referenced file HassiFrid2.jpg not found
INFO: Processing vicav_profile_hbabsa.xml...
WARNING: /home/danielschopper/data/TUNOCENT/tunocent-content/vicav_profiles/tunocent/vicav_profile_hbabsa.xml: Referenced file Hbabsa1.jpg not found
WARNING: /home/danielschopper/data/TUNOCENT/tunocent-content/vicav_profiles/tunocent/vicav_profile_hbabsa.xml: Referenced file Hbabsa6.jpg not found
INFO: Processing vicav_profile_heri.xml...
WARNING: /home/danielschopper/data/TUNOCENT/tunocent-content/vicav_profiles/tunocent/vicav_profile_heri.xml: Referenced file Heri1.jpg not found
WARNING: /home/danielschopper/data/TUNOCENT/tunocent-content/vicav_profiles/tunocent/vicav_profile_heri.xml: Referenced file Heri2.jpg not found
WARNING: /home/danielschopper/data/TUNOCENT/tunocent-content/vicav_profiles/tunocent/vicav_profile_heri.xml: Referenced file Heri3.jpg not found
INFO: Processing vicav_profile_houaidia.xml...
WARNING: /home/danielschopper/data/TUNOCENT/tunocent-content/vicav_profiles/tunocent/vicav_profile_houaidia.xml: Referenced file Houaidia1.jpg not found
INFO: Processing vicav_profile_hsinette.xml...
WARNING: /home/danielschopper/data/TUNOCENT/tunocent-content/vicav_profiles/tunocent/vicav_profile_hsinette.xml: Referenced file Hsinette1.jpg not found
WARNING: /home/danielschopper/data/TUNOCENT/tunocent-content/vicav_profiles/tunocent/vicav_profile_hsinette.xml: Referenced file Hsinette2.jpg not found
INFO: Processing vicav_profile_jabbes.xml...
WARNING: /home/danielschopper/data/TUNOCENT/tunocent-content/vicav_profiles/tunocent/vicav_profile_jabbes.xml: Referenced file Jabbes1.jpg not found
WARNING: /home/danielschopper/data/TUNOCENT/tunocent-content/vicav_profiles/tunocent/vicav_profile_jabbes.xml: Referenced file Cactuses_in_the_landscape_of_Jabbes.jpg not found
WARNING: /home/danielschopper/data/TUNOCENT/tunocent-content/vicav_profiles/tunocent/vicav_profile_jabbes.xml: Referenced file Houses_5.jpg not found
WARNING: /home/danielschopper/data/TUNOCENT/tunocent-content/vicav_profiles/tunocent/vicav_profile_jabbes.xml: Referenced file Cactusus_and_mountains_(3).jpg not found
WARNING: /home/danielschopper/data/TUNOCENT/tunocent-content/vicav_profiles/tunocent/vicav_profile_jabbes.xml: Referenced file animals.jpg not found
WARNING: /home/danielschopper/data/TUNOCENT/tunocent-content/vicav_profiles/tunocent/vicav_profile_jabbes.xml: Referenced file Cactuses,_trees_and_mountains.jpg not found
WARNING: /home/danielschopper/data/TUNOCENT/tunocent-content/vicav_profiles/tunocent/vicav_profile_jabbes.xml: Referenced file Mountains_of_Jabbes_7.jpg not found
WARNING: /home/danielschopper/data/TUNOCENT/tunocent-content/vicav_profiles/tunocent/vicav_profile_jabbes.xml: Referenced file Mountains_of_Jabbes_5.jpg not found
WARNING: /home/danielschopper/data/TUNOCENT/tunocent-content/vicav_profiles/tunocent/vicav_profile_jabbes.xml: Referenced file Mountains_of_Jabbes_3.jpg not found
WARNING: /home/danielschopper/data/TUNOCENT/tunocent-content/vicav_profiles/tunocent/vicav_profile_jabbes.xml: Referenced file Cactuses_in_the_landscape_of_Jabbes.jpg not found
WARNING: /home/danielschopper/data/TUNOCENT/tunocent-content/vicav_profiles/tunocent/vicav_profile_jabbes.xml: Referenced file Houses_5.jpg not found
WARNING: /home/danielschopper/data/TUNOCENT/tunocent-content/vicav_profiles/tunocent/vicav_profile_jabbes.xml: Referenced file Cactusus_and_mountains_(3).jpg not found
WARNING: /home/danielschopper/data/TUNOCENT/tunocent-content/vicav_profiles/tunocent/vicav_profile_jabbes.xml: Referenced file animals.jpg not found
WARNING: /home/danielschopper/data/TUNOCENT/tunocent-content/vicav_profiles/tunocent/vicav_profile_jabbes.xml: Referenced file Cactuses,_trees_and_mountains.jpg not found
WARNING: /home/danielschopper/data/TUNOCENT/tunocent-content/vicav_profiles/tunocent/vicav_profile_jabbes.xml: Referenced file Mountains_of_Jabbes_7.jpg not found
WARNING: /home/danielschopper/data/TUNOCENT/tunocent-content/vicav_profiles/tunocent/vicav_profile_jabbes.xml: Referenced file Mountains_of_Jabbes_5.jpg not found
WARNING: /home/danielschopper/data/TUNOCENT/tunocent-content/vicav_profiles/tunocent/vicav_profile_jabbes.xml: Referenced file Mountains_of_Jabbes_3.jpg not found
INFO: Processing vicav_profile_jendouba.xml...
WARNING: /home/danielschopper/data/TUNOCENT/tunocent-content/vicav_profiles/tunocent/vicav_profile_jendouba.xml: Referenced file Jendouba1.jpg not found
INFO: Processing vicav_profile_kabbara.xml...
WARNING: /home/danielschopper/data/TUNOCENT/tunocent-content/vicav_profiles/tunocent/vicav_profile_kabbara.xml: Referenced file Kabbara1.jpg not found
WARNING: /home/danielschopper/data/TUNOCENT/tunocent-content/vicav_profiles/tunocent/vicav_profile_kabbara.xml: Referenced file Kabbara2.jpg not found
WARNING: /home/danielschopper/data/TUNOCENT/tunocent-content/vicav_profiles/tunocent/vicav_profile_kabbara.xml: Referenced file Kabbara3.jpg not found
WARNING: /home/danielschopper/data/TUNOCENT/tunocent-content/vicav_profiles/tunocent/vicav_profile_kabbara.xml: Referenced file Kabbara4.jpg not found
WARNING: /home/danielschopper/data/TUNOCENT/tunocent-content/vicav_profiles/tunocent/vicav_profile_kabbara.xml: Referenced file Kabbara5.jpg not found
WARNING: /home/danielschopper/data/TUNOCENT/tunocent-content/vicav_profiles/tunocent/vicav_profile_kabbara.xml: Referenced file Kabbara6.jpg not found
WARNING: /home/danielschopper/data/TUNOCENT/tunocent-content/vicav_profiles/tunocent/vicav_profile_kabbara.xml: Referenced file Kabbara7.jpg not found
INFO: Processing vicav_profile_kalaatsenan.xml...
INFO: Processing vicav_profile_kasserine.xml...
WARNING: /home/danielschopper/data/TUNOCENT/tunocent-content/vicav_profiles/tunocent/vicav_profile_kasserine.xml: Referenced file Kasserine1.jpg not found
WARNING: /home/danielschopper/data/TUNOCENT/tunocent-content/vicav_profiles/tunocent/vicav_profile_kasserine.xml: Referenced file Kasserine2.jpg not found
INFO: Processing vicav_profile_kef.xml...
WARNING: /home/danielschopper/data/TUNOCENT/tunocent-content/vicav_profiles/tunocent/vicav_profile_kef.xml: Referenced file Kef1.jpg not found
WARNING: /home/danielschopper/data/TUNOCENT/tunocent-content/vicav_profiles/tunocent/vicav_profile_kef.xml: Referenced file thumb/Kef-centre.jpg not found
WARNING: /home/danielschopper/data/TUNOCENT/tunocent-content/vicav_profiles/tunocent/vicav_profile_kef.xml: Referenced file Kef-centre-2.jpg not found
WARNING: /home/danielschopper/data/TUNOCENT/tunocent-content/vicav_profiles/tunocent/vicav_profile_kef.xml: Referenced file Kef-centre-cafe.jpg not found
WARNING: /home/danielschopper/data/TUNOCENT/tunocent-content/vicav_profiles/tunocent/vicav_profile_kef.xml: Referenced file Kef-centre-wall.jpg not found
WARNING: /home/danielschopper/data/TUNOCENT/tunocent-content/vicav_profiles/tunocent/vicav_profile_kef.xml: Referenced file Kef-centre-flora.jpg not found
WARNING: /home/danielschopper/data/TUNOCENT/tunocent-content/vicav_profiles/tunocent/vicav_profile_kef.xml: Referenced file Kef-centre-themepark.jpg not found
WARNING: /home/danielschopper/data/TUNOCENT/tunocent-content/vicav_profiles/tunocent/vicav_profile_kef.xml: Referenced file Kef-centre-qadriyya.jpg not found
WARNING: /home/danielschopper/data/TUNOCENT/tunocent-content/vicav_profiles/tunocent/vicav_profile_kef.xml: Referenced file Kef-centre-Ali-bin-Saleh.jpg not found
WARNING: /home/danielschopper/data/TUNOCENT/tunocent-content/vicav_profiles/tunocent/vicav_profile_kef.xml: Referenced file Kef-centre-people-thursday.jpg not found
WARNING: /home/danielschopper/data/TUNOCENT/tunocent-content/vicav_profiles/tunocent/vicav_profile_kef.xml: Referenced file Kef-centre-carpet.jpg not found
WARNING: /home/danielschopper/data/TUNOCENT/tunocent-content/vicav_profiles/tunocent/vicav_profile_kef.xml: Referenced file Kef-centre-pepper.jpg not found
WARNING: /home/danielschopper/data/TUNOCENT/tunocent-content/vicav_profiles/tunocent/vicav_profile_kef.xml: Referenced file Kef-centre-mlewi.jpg not found
WARNING: /home/danielschopper/data/TUNOCENT/tunocent-content/vicav_profiles/tunocent/vicav_profile_kef.xml: Referenced file Kef-centre-museum.jpg not found
WARNING: /home/danielschopper/data/TUNOCENT/tunocent-content/vicav_profiles/tunocent/vicav_profile_kef.xml: Referenced file Kef-centre-museum2.jpg not found
WARNING: /home/danielschopper/data/TUNOCENT/tunocent-content/vicav_profiles/tunocent/vicav_profile_kef.xml: Referenced file Kef-centre-clothes.jpg not found
WARNING: /home/danielschopper/data/TUNOCENT/tunocent-content/vicav_profiles/tunocent/vicav_profile_kef.xml: Referenced file Kef-centre-mathaf.jpg not found
WARNING: /home/danielschopper/data/TUNOCENT/tunocent-content/vicav_profiles/tunocent/vicav_profile_kef.xml: Referenced file Kef-roman-bath.jpg not found
WARNING: /home/danielschopper/data/TUNOCENT/tunocent-content/vicav_profiles/tunocent/vicav_profile_kef.xml: Referenced file Kef-Franzi-bath.jpg not found
WARNING: /home/danielschopper/data/TUNOCENT/tunocent-content/vicav_profiles/tunocent/vicav_profile_kef.xml: Referenced file Kef-flowers.jpg not found
WARNING: /home/danielschopper/data/TUNOCENT/tunocent-content/vicav_profiles/tunocent/vicav_profile_kef.xml: Referenced file Kef-baths-2.jpg not found
WARNING: /home/danielschopper/data/TUNOCENT/tunocent-content/vicav_profiles/tunocent/vicav_profile_kef.xml: Referenced file Kef-kasba.jpg not found
WARNING: /home/danielschopper/data/TUNOCENT/tunocent-content/vicav_profiles/tunocent/vicav_profile_kef.xml: Referenced file Kef-kasba-guns.jpg not found
WARNING: /home/danielschopper/data/TUNOCENT/tunocent-content/vicav_profiles/tunocent/vicav_profile_kef.xml: Referenced file Kef-kasba-entrance.jpg not found
WARNING: /home/danielschopper/data/TUNOCENT/tunocent-content/vicav_profiles/tunocent/vicav_profile_kef.xml: Referenced file Kef-kasba-view.jpg not found
WARNING: /home/danielschopper/data/TUNOCENT/tunocent-content/vicav_profiles/tunocent/vicav_profile_kef.xml: Referenced file Kef-kasba-guns-view.jpg not found
WARNING: /home/danielschopper/data/TUNOCENT/tunocent-content/vicav_profiles/tunocent/vicav_profile_kef.xml: Referenced file Kef-kasba-night.jpg not found
WARNING: /home/danielschopper/data/TUNOCENT/tunocent-content/vicav_profiles/tunocent/vicav_profile_kef.xml: Referenced file Kef-synagogue-road.jpg not found
WARNING: /home/danielschopper/data/TUNOCENT/tunocent-content/vicav_profiles/tunocent/vicav_profile_kef.xml: Referenced file Kef-synagogue-entrance.jpg not found
WARNING: /home/danielschopper/data/TUNOCENT/tunocent-content/vicav_profiles/tunocent/vicav_profile_kef.xml: Referenced file Kef-synagogue-yard.jpg not found
WARNING: /home/danielschopper/data/TUNOCENT/tunocent-content/vicav_profiles/tunocent/vicav_profile_kef.xml: Referenced file Kef-synagogue-inside.jpg not found
WARNING: /home/danielschopper/data/TUNOCENT/tunocent-content/vicav_profiles/tunocent/vicav_profile_kef.xml: Referenced file Kef-cemeteries.jpg not found
WARNING: /home/danielschopper/data/TUNOCENT/tunocent-content/vicav_profiles/tunocent/vicav_profile_kef.xml: Referenced file Kef-makhlouf-sign.jpg not found
WARNING: /home/danielschopper/data/TUNOCENT/tunocent-content/vicav_profiles/tunocent/vicav_profile_kef.xml: Referenced file Kef-makhlouf-door.jpg not found
WARNING: /home/danielschopper/data/TUNOCENT/tunocent-content/vicav_profiles/tunocent/vicav_profile_kef.xml: Referenced file Kef-makhlouf-tomb.jpg not found
WARNING: /home/danielschopper/data/TUNOCENT/tunocent-content/vicav_profiles/tunocent/vicav_profile_kef.xml: Referenced file Kef-makhlouf-tomb-2.jpg not found
WARNING: /home/danielschopper/data/TUNOCENT/tunocent-content/vicav_profiles/tunocent/vicav_profile_kef.xml: Referenced file Kef-graffiti-makhlouf.jpg not found
WARNING: /home/danielschopper/data/TUNOCENT/tunocent-content/vicav_profiles/tunocent/vicav_profile_kef.xml: Referenced file Kef-graffiti-bird.jpg not found
WARNING: /home/danielschopper/data/TUNOCENT/tunocent-content/vicav_profiles/tunocent/vicav_profile_kef.xml: Referenced file Kef-graffiti-calligraphy.jpg not found
WARNING: /home/danielschopper/data/TUNOCENT/tunocent-content/vicav_profiles/tunocent/vicav_profile_kef.xml: Referenced file Kef-graffiti-calligraphy-2.jpg not found
WARNING: /home/danielschopper/data/TUNOCENT/tunocent-content/vicav_profiles/tunocent/vicav_profile_kef.xml: Referenced file Kef-graffiti-calligraphy-3.jpg not found
WARNING: /home/danielschopper/data/TUNOCENT/tunocent-content/vicav_profiles/tunocent/vicav_profile_kef.xml: Referenced file Kef-graffiti-old-man.jpg not found
WARNING: /home/danielschopper/data/TUNOCENT/tunocent-content/vicav_profiles/tunocent/vicav_profile_kef.xml: Referenced file Kef-graffiti-berber.jpg not found
WARNING: /home/danielschopper/data/TUNOCENT/tunocent-content/vicav_profiles/tunocent/vicav_profile_kef.xml: Referenced file Kef-graffiti-calligraphy-4.jpg not found
WARNING: /home/danielschopper/data/TUNOCENT/tunocent-content/vicav_profiles/tunocent/vicav_profile_kef.xml: Referenced file Kef-graffiti-park.jpg not found
WARNING: /home/danielschopper/data/TUNOCENT/tunocent-content/vicav_profiles/tunocent/vicav_profile_kef.xml: Referenced file Kef-graffiti-basketball.jpg not found
WARNING: /home/danielschopper/data/TUNOCENT/tunocent-content/vicav_profiles/tunocent/vicav_profile_kef.xml: Referenced file Kef-vase.jpg not found
WARNING: /home/danielschopper/data/TUNOCENT/tunocent-content/vicav_profiles/tunocent/vicav_profile_kef.xml: Referenced file Kef-graffiti-wiss.jpg not found
WARNING: /home/danielschopper/data/TUNOCENT/tunocent-content/vicav_profiles/tunocent/vicav_profile_kef.xml: Referenced file Kef-graffiti-1.jpg not found
WARNING: /home/danielschopper/data/TUNOCENT/tunocent-content/vicav_profiles/tunocent/vicav_profile_kef.xml: Referenced file Kef-graffiti-2.jpg not found
WARNING: /home/danielschopper/data/TUNOCENT/tunocent-content/vicav_profiles/tunocent/vicav_profile_kef.xml: Referenced file Kef-centre.jpg not found
WARNING: /home/danielschopper/data/TUNOCENT/tunocent-content/vicav_profiles/tunocent/vicav_profile_kef.xml: Referenced file Kef-centre-2.jpg not found
WARNING: /home/danielschopper/data/TUNOCENT/tunocent-content/vicav_profiles/tunocent/vicav_profile_kef.xml: Referenced file Kef-centre-cafe.jpg not found
WARNING: /home/danielschopper/data/TUNOCENT/tunocent-content/vicav_profiles/tunocent/vicav_profile_kef.xml: Referenced file Kef-centre-wall.jpg not found
WARNING: /home/danielschopper/data/TUNOCENT/tunocent-content/vicav_profiles/tunocent/vicav_profile_kef.xml: Referenced file Kef-centre-flora.jpg not found
WARNING: /home/danielschopper/data/TUNOCENT/tunocent-content/vicav_profiles/tunocent/vicav_profile_kef.xml: Referenced file Kef-centre-themepark.jpg not found
WARNING: /home/danielschopper/data/TUNOCENT/tunocent-content/vicav_profiles/tunocent/vicav_profile_kef.xml: Referenced file Kef-centre-qadriyya.jpg not found
WARNING: /home/danielschopper/data/TUNOCENT/tunocent-content/vicav_profiles/tunocent/vicav_profile_kef.xml: Referenced file Kef-centre-Ali-bin-Saleh.jpg not found
WARNING: /home/danielschopper/data/TUNOCENT/tunocent-content/vicav_profiles/tunocent/vicav_profile_kef.xml: Referenced file Kef-centre-people-thursday.jpg not found
WARNING: /home/danielschopper/data/TUNOCENT/tunocent-content/vicav_profiles/tunocent/vicav_profile_kef.xml: Referenced file Kef-centre-carpet.jpg not found
WARNING: /home/danielschopper/data/TUNOCENT/tunocent-content/vicav_profiles/tunocent/vicav_profile_kef.xml: Referenced file Kef-centre-pepper.jpg not found
WARNING: /home/danielschopper/data/TUNOCENT/tunocent-content/vicav_profiles/tunocent/vicav_profile_kef.xml: Referenced file Kef-centre-mlewi.jpg not found
WARNING: /home/danielschopper/data/TUNOCENT/tunocent-content/vicav_profiles/tunocent/vicav_profile_kef.xml: Referenced file Kef-centre-museum.jpg not found
WARNING: /home/danielschopper/data/TUNOCENT/tunocent-content/vicav_profiles/tunocent/vicav_profile_kef.xml: Referenced file Kef-centre-museum2.jpg not found
WARNING: /home/danielschopper/data/TUNOCENT/tunocent-content/vicav_profiles/tunocent/vicav_profile_kef.xml: Referenced file Kef-centre-clothes.jpg not found
WARNING: /home/danielschopper/data/TUNOCENT/tunocent-content/vicav_profiles/tunocent/vicav_profile_kef.xml: Referenced file Kef-centre-mathaf.jpg not found
WARNING: /home/danielschopper/data/TUNOCENT/tunocent-content/vicav_profiles/tunocent/vicav_profile_kef.xml: Referenced file Kef-roman-bath.jpg not found
WARNING: /home/danielschopper/data/TUNOCENT/tunocent-content/vicav_profiles/tunocent/vicav_profile_kef.xml: Referenced file Kef-Franzi-bath.jpg not found
WARNING: /home/danielschopper/data/TUNOCENT/tunocent-content/vicav_profiles/tunocent/vicav_profile_kef.xml: Referenced file Kef-flowers.jpg not found
WARNING: /home/danielschopper/data/TUNOCENT/tunocent-content/vicav_profiles/tunocent/vicav_profile_kef.xml: Referenced file Kef-baths-2.jpg not found
WARNING: /home/danielschopper/data/TUNOCENT/tunocent-content/vicav_profiles/tunocent/vicav_profile_kef.xml: Referenced file Kef-kasba.jpg not found
WARNING: /home/danielschopper/data/TUNOCENT/tunocent-content/vicav_profiles/tunocent/vicav_profile_kef.xml: Referenced file Kef-kasba-guns.jpg not found
WARNING: /home/danielschopper/data/TUNOCENT/tunocent-content/vicav_profiles/tunocent/vicav_profile_kef.xml: Referenced file Kef-kasba-entrance.jpg not found
WARNING: /home/danielschopper/data/TUNOCENT/tunocent-content/vicav_profiles/tunocent/vicav_profile_kef.xml: Referenced file Kef-kasba-view.jpg not found
WARNING: /home/danielschopper/data/TUNOCENT/tunocent-content/vicav_profiles/tunocent/vicav_profile_kef.xml: Referenced file Kef-kasba-guns-view.jpg not found
WARNING: /home/danielschopper/data/TUNOCENT/tunocent-content/vicav_profiles/tunocent/vicav_profile_kef.xml: Referenced file Kef-kasba-night.jpg not found
WARNING: /home/danielschopper/data/TUNOCENT/tunocent-content/vicav_profiles/tunocent/vicav_profile_kef.xml: Referenced file Kef-synagogue-road.jpg not found
WARNING: /home/danielschopper/data/TUNOCENT/tunocent-content/vicav_profiles/tunocent/vicav_profile_kef.xml: Referenced file Kef-synagogue-entrance.jpg not found
WARNING: /home/danielschopper/data/TUNOCENT/tunocent-content/vicav_profiles/tunocent/vicav_profile_kef.xml: Referenced file Kef-synagogue-yard.jpg not found
WARNING: /home/danielschopper/data/TUNOCENT/tunocent-content/vicav_profiles/tunocent/vicav_profile_kef.xml: Referenced file Kef-synagogue-inside.jpg not found
WARNING: /home/danielschopper/data/TUNOCENT/tunocent-content/vicav_profiles/tunocent/vicav_profile_kef.xml: Referenced file Kef-cemeteries.jpg not found
WARNING: /home/danielschopper/data/TUNOCENT/tunocent-content/vicav_profiles/tunocent/vicav_profile_kef.xml: Referenced file Kef-makhlouf-sign.jpg not found
WARNING: /home/danielschopper/data/TUNOCENT/tunocent-content/vicav_profiles/tunocent/vicav_profile_kef.xml: Referenced file Kef-makhlouf-door.jpg not found
WARNING: /home/danielschopper/data/TUNOCENT/tunocent-content/vicav_profiles/tunocent/vicav_profile_kef.xml: Referenced file Kef-makhlouf-tomb.jpg not found
WARNING: /home/danielschopper/data/TUNOCENT/tunocent-content/vicav_profiles/tunocent/vicav_profile_kef.xml: Referenced file Kef-makhlouf-tomb-2.jpg not found
WARNING: /home/danielschopper/data/TUNOCENT/tunocent-content/vicav_profiles/tunocent/vicav_profile_kef.xml: Referenced file Kef-graffiti-makhlouf.jpg not found
WARNING: /home/danielschopper/data/TUNOCENT/tunocent-content/vicav_profiles/tunocent/vicav_profile_kef.xml: Referenced file Kef-graffiti-bird.jpg not found
WARNING: /home/danielschopper/data/TUNOCENT/tunocent-content/vicav_profiles/tunocent/vicav_profile_kef.xml: Referenced file Kef-graffiti-calligraphy.jpg not found
WARNING: /home/danielschopper/data/TUNOCENT/tunocent-content/vicav_profiles/tunocent/vicav_profile_kef.xml: Referenced file Kef-graffiti-calligraphy-2.jpg not found
WARNING: /home/danielschopper/data/TUNOCENT/tunocent-content/vicav_profiles/tunocent/vicav_profile_kef.xml: Referenced file Kef-graffiti-calligraphy-3.jpg not found
WARNING: /home/danielschopper/data/TUNOCENT/tunocent-content/vicav_profiles/tunocent/vicav_profile_kef.xml: Referenced file Kef-graffiti-old-man.jpg not found
WARNING: /home/danielschopper/data/TUNOCENT/tunocent-content/vicav_profiles/tunocent/vicav_profile_kef.xml: Referenced file Kef-graffiti-berber.jpg not found
WARNING: /home/danielschopper/data/TUNOCENT/tunocent-content/vicav_profiles/tunocent/vicav_profile_kef.xml: Referenced file Kef-graffiti-calligraphy-4.jpg not found
WARNING: /home/danielschopper/data/TUNOCENT/tunocent-content/vicav_profiles/tunocent/vicav_profile_kef.xml: Referenced file Kef-graffiti-park.jpg not found
WARNING: /home/danielschopper/data/TUNOCENT/tunocent-content/vicav_profiles/tunocent/vicav_profile_kef.xml: Referenced file Kef-graffiti-basketball.jpg not found
WARNING: /home/danielschopper/data/TUNOCENT/tunocent-content/vicav_profiles/tunocent/vicav_profile_kef.xml: Referenced file Kef-vase.jpg not found
WARNING: /home/danielschopper/data/TUNOCENT/tunocent-content/vicav_profiles/tunocent/vicav_profile_kef.xml: Referenced file Kef-graffiti-wiss.jpg not found
WARNING: /home/danielschopper/data/TUNOCENT/tunocent-content/vicav_profiles/tunocent/vicav_profile_kef.xml: Referenced file Kef-graffiti-1.jpg not found
WARNING: /home/danielschopper/data/TUNOCENT/tunocent-content/vicav_profiles/tunocent/vicav_profile_kef.xml: Referenced file Kef-graffiti-2.jpg not found
INFO: Processing vicav_profile_lakhouet.xml...
WARNING: /home/danielschopper/data/TUNOCENT/tunocent-content/vicav_profiles/tunocent/vicav_profile_lakhouet.xml: Referenced file Lakhouet1.jpg not found
WARNING: /home/danielschopper/data/TUNOCENT/tunocent-content/vicav_profiles/tunocent/vicav_profile_lakhouet.xml: Referenced file Lakhwet_Bahnhof3-150x150.jpg not found
WARNING: /home/danielschopper/data/TUNOCENT/tunocent-content/vicav_profiles/tunocent/vicav_profile_lakhouet.xml: Referenced file Lakhwet_mitSafeYosra2-150x150.jpg not found
WARNING: /home/danielschopper/data/TUNOCENT/tunocent-content/vicav_profiles/tunocent/vicav_profile_lakhouet.xml: Referenced file Lakhwet_Kornspeicher-150x150.jpg not found
WARNING: /home/danielschopper/data/TUNOCENT/tunocent-content/vicav_profiles/tunocent/vicav_profile_lakhouet.xml: Referenced file Lakhwet_Bahnhof3-scaled.jpg not found
WARNING: /home/danielschopper/data/TUNOCENT/tunocent-content/vicav_profiles/tunocent/vicav_profile_lakhouet.xml: Referenced file Lakhwet_mitSafeYosra2-rotated.jpg not found
WARNING: /home/danielschopper/data/TUNOCENT/tunocent-content/vicav_profiles/tunocent/vicav_profile_lakhouet.xml: Referenced file Lakhwet_Kornspeicher-scaled.jpg not found
INFO: Processing vicav_profile_majelbelabbes.xml...
WARNING: /home/danielschopper/data/TUNOCENT/tunocent-content/vicav_profiles/tunocent/vicav_profile_majelbelabbes.xml: Referenced file MajelBelAbbes1.jpg not found
WARNING: /home/danielschopper/data/TUNOCENT/tunocent-content/vicav_profiles/tunocent/vicav_profile_majelbelabbes.xml: Referenced file MajelBelAbbes2.jpg not found
WARNING: /home/danielschopper/data/TUNOCENT/tunocent-content/vicav_profiles/tunocent/vicav_profile_majelbelabbes.xml: Referenced file MajelBelAbbes3.jpg not found
WARNING: /home/danielschopper/data/TUNOCENT/tunocent-content/vicav_profiles/tunocent/vicav_profile_majelbelabbes.xml: Referenced file MajelBelAbbes4.jpg not found
WARNING: /home/danielschopper/data/TUNOCENT/tunocent-content/vicav_profiles/tunocent/vicav_profile_majelbelabbes.xml: Referenced file MajelBelAbbes5.jpg not found
INFO: Processing vicav_profile_mdayna.xml...
WARNING: /home/danielschopper/data/TUNOCENT/tunocent-content/vicav_profiles/tunocent/vicav_profile_mdayna.xml: Referenced file Mdayna1.jpg not found
INFO: Processing vicav_profile_medjez.xml...
WARNING: /home/danielschopper/data/TUNOCENT/tunocent-content/vicav_profiles/tunocent/vicav_profile_medjez.xml: Referenced file Medjez1.jpg not found
WARNING: /home/danielschopper/data/TUNOCENT/tunocent-content/vicav_profiles/tunocent/vicav_profile_medjez.xml: Referenced file Medjez-Mosque.jpg not found
WARNING: /home/danielschopper/data/TUNOCENT/tunocent-content/vicav_profiles/tunocent/vicav_profile_medjez.xml: Referenced file Medjez-Ruins.jpg not found
WARNING: /home/danielschopper/data/TUNOCENT/tunocent-content/vicav_profiles/tunocent/vicav_profile_medjez.xml: Referenced file Medjez-Mosque.jpg not found
WARNING: /home/danielschopper/data/TUNOCENT/tunocent-content/vicav_profiles/tunocent/vicav_profile_medjez.xml: Referenced file Medjez-Ruins.jpg not found
INFO: Processing vicav_profile_meknassi.xml...
WARNING: /home/danielschopper/data/TUNOCENT/tunocent-content/vicav_profiles/tunocent/vicav_profile_meknassi.xml: Referenced file Meknassi1.jpg not found
WARNING: /home/danielschopper/data/TUNOCENT/tunocent-content/vicav_profiles/tunocent/vicav_profile_meknassi.xml: Referenced file Meknassi2.jpg not found
WARNING: /home/danielschopper/data/TUNOCENT/tunocent-content/vicav_profiles/tunocent/vicav_profile_meknassi.xml: Referenced file Meknassi3.jpg not found
WARNING: /home/danielschopper/data/TUNOCENT/tunocent-content/vicav_profiles/tunocent/vicav_profile_meknassi.xml: Referenced file Meknassi4.jpg not found
WARNING: /home/danielschopper/data/TUNOCENT/tunocent-content/vicav_profiles/tunocent/vicav_profile_meknassi.xml: Referenced file Meknassi5.jpg not found
WARNING: /home/danielschopper/data/TUNOCENT/tunocent-content/vicav_profiles/tunocent/vicav_profile_meknassi.xml: Referenced file Meknassi6.jpg not found
INFO: Processing vicav_profile_meloussi.xml...
WARNING: /home/danielschopper/data/TUNOCENT/tunocent-content/vicav_profiles/tunocent/vicav_profile_meloussi.xml: Referenced file Meloussi1.jpg not found
WARNING: /home/danielschopper/data/TUNOCENT/tunocent-content/vicav_profiles/tunocent/vicav_profile_meloussi.xml: Referenced file Meloussi2.jpg not found
WARNING: /home/danielschopper/data/TUNOCENT/tunocent-content/vicav_profiles/tunocent/vicav_profile_meloussi.xml: Referenced file Meloussi3.jpg not found
WARNING: /home/danielschopper/data/TUNOCENT/tunocent-content/vicav_profiles/tunocent/vicav_profile_meloussi.xml: Referenced file Meloussi4.jpg not found
WARNING: /home/danielschopper/data/TUNOCENT/tunocent-content/vicav_profiles/tunocent/vicav_profile_meloussi.xml: Referenced file Meloussi5.jpg not found
WARNING: /home/danielschopper/data/TUNOCENT/tunocent-content/vicav_profiles/tunocent/vicav_profile_meloussi.xml: Referenced file Meloussi6.jpg not found
WARNING: /home/danielschopper/data/TUNOCENT/tunocent-content/vicav_profiles/tunocent/vicav_profile_meloussi.xml: Referenced file Meloussi7.jpg not found
WARNING: /home/danielschopper/data/TUNOCENT/tunocent-content/vicav_profiles/tunocent/vicav_profile_meloussi.xml: Referenced file Meloussi9.jpg not found
WARNING: /home/danielschopper/data/TUNOCENT/tunocent-content/vicav_profiles/tunocent/vicav_profile_meloussi.xml: Referenced file Meloussi10.jpg not found
WARNING: /home/danielschopper/data/TUNOCENT/tunocent-content/vicav_profiles/tunocent/vicav_profile_meloussi.xml: Referenced file Meloussi11.jpg not found
WARNING: /home/danielschopper/data/TUNOCENT/tunocent-content/vicav_profiles/tunocent/vicav_profile_meloussi.xml: Referenced file Meloussi12.jpg not found
WARNING: /home/danielschopper/data/TUNOCENT/tunocent-content/vicav_profiles/tunocent/vicav_profile_meloussi.xml: Referenced file Meloussi13.jpg not found
WARNING: /home/danielschopper/data/TUNOCENT/tunocent-content/vicav_profiles/tunocent/vicav_profile_meloussi.xml: Referenced file Meloussi14.jpg not found
INFO: Processing vicav_profile_metlaoui.xml...
INFO: Processing vicav_profile_moulares.xml...
WARNING: /home/danielschopper/data/TUNOCENT/tunocent-content/vicav_profiles/tunocent/vicav_profile_moulares.xml: Referenced file Moulares_title.jpg not found
WARNING: /home/danielschopper/data/TUNOCENT/tunocent-content/vicav_profiles/tunocent/vicav_profile_moulares.xml: Referenced file Moulares-Phosphate.jpg not found
WARNING: /home/danielschopper/data/TUNOCENT/tunocent-content/vicav_profiles/tunocent/vicav_profile_moulares.xml: Referenced file Moulares-Phosphate_mining.jpg not found
WARNING: /home/danielschopper/data/TUNOCENT/tunocent-content/vicav_profiles/tunocent/vicav_profile_moulares.xml: Referenced file Moulares-Hills_of_Moulares_(1).jpg not found
WARNING: /home/danielschopper/data/TUNOCENT/tunocent-content/vicav_profiles/tunocent/vicav_profile_moulares.xml: Referenced file Moulares-Hills_of_Moulares_(2).jpg not found
WARNING: /home/danielschopper/data/TUNOCENT/tunocent-content/vicav_profiles/tunocent/vicav_profile_moulares.xml: Referenced file Moulares-centre.jpg not found
WARNING: /home/danielschopper/data/TUNOCENT/tunocent-content/vicav_profiles/tunocent/vicav_profile_moulares.xml: Referenced file Moulares-Impressions_of_Moulares_(3).jpg not found
WARNING: /home/danielschopper/data/TUNOCENT/tunocent-content/vicav_profiles/tunocent/vicav_profile_moulares.xml: Referenced file Moulares-Impressions_of_Moulares_(4).jpg not found
WARNING: /home/danielschopper/data/TUNOCENT/tunocent-content/vicav_profiles/tunocent/vicav_profile_moulares.xml: Referenced file Moulares-Impressions_of_Moulares_(2).jpg not found
WARNING: /home/danielschopper/data/TUNOCENT/tunocent-content/vicav_profiles/tunocent/vicav_profile_moulares.xml: Referenced file Moulares-Impressions_of_Moulares_(11).jpg not found
WARNING: /home/danielschopper/data/TUNOCENT/tunocent-content/vicav_profiles/tunocent/vicav_profile_moulares.xml: Referenced file Moulares-Phosphate.jpg not found
WARNING: /home/danielschopper/data/TUNOCENT/tunocent-content/vicav_profiles/tunocent/vicav_profile_moulares.xml: Referenced file Moulares-Phosphate_mining.jpg not found
WARNING: /home/danielschopper/data/TUNOCENT/tunocent-content/vicav_profiles/tunocent/vicav_profile_moulares.xml: Referenced file Moulares-Hills_of_Moulares_(1).jpg not found
WARNING: /home/danielschopper/data/TUNOCENT/tunocent-content/vicav_profiles/tunocent/vicav_profile_moulares.xml: Referenced file Moulares-Hills_of_Moulares_(2).jpg not found
WARNING: /home/danielschopper/data/TUNOCENT/tunocent-content/vicav_profiles/tunocent/vicav_profile_moulares.xml: Referenced file Moulares-centre.jpg not found
WARNING: /home/danielschopper/data/TUNOCENT/tunocent-content/vicav_profiles/tunocent/vicav_profile_moulares.xml: Referenced file Moulares-Impressions_of_Moulares_(3).jpg not found
WARNING: /home/danielschopper/data/TUNOCENT/tunocent-content/vicav_profiles/tunocent/vicav_profile_moulares.xml: Referenced file Moulares-Impressions_of_Moulares_(4).jpg not found
WARNING: /home/danielschopper/data/TUNOCENT/tunocent-content/vicav_profiles/tunocent/vicav_profile_moulares.xml: Referenced file Moulares-Impressions_of_Moulares_(2).jpg not found
WARNING: /home/danielschopper/data/TUNOCENT/tunocent-content/vicav_profiles/tunocent/vicav_profile_moulares.xml: Referenced file Moulares-Impressions_of_Moulares_(11).jpg not found
INFO: Processing vicav_profile_murra.xml...
WARNING: /home/danielschopper/data/TUNOCENT/tunocent-content/vicav_profiles/tunocent/vicav_profile_murra.xml: Referenced file Murra1.jpg not found
WARNING: /home/danielschopper/data/TUNOCENT/tunocent-content/vicav_profiles/tunocent/vicav_profile_murra.xml: Referenced file Murra2.jpg not found
WARNING: /home/danielschopper/data/TUNOCENT/tunocent-content/vicav_profiles/tunocent/vicav_profile_murra.xml: Referenced file Murra3.jpg not found
INFO: Processing vicav_profile_nadhour.xml...
WARNING: /home/danielschopper/data/TUNOCENT/tunocent-content/vicav_profiles/tunocent/vicav_profile_nadhour.xml: Referenced file Nadhour2.jpg not found
WARNING: /home/danielschopper/data/TUNOCENT/tunocent-content/vicav_profiles/tunocent/vicav_profile_nadhour.xml: Referenced file Nadhour3.jpg not found
WARNING: /home/danielschopper/data/TUNOCENT/tunocent-content/vicav_profiles/tunocent/vicav_profile_nadhour.xml: Referenced file Nadhour4.jpg not found
WARNING: /home/danielschopper/data/TUNOCENT/tunocent-content/vicav_profiles/tunocent/vicav_profile_nadhour.xml: Referenced file Nadhour5.jpg not found
WARNING: /home/danielschopper/data/TUNOCENT/tunocent-content/vicav_profiles/tunocent/vicav_profile_nadhour.xml: Referenced file Nadhour6.jpg not found
WARNING: /home/danielschopper/data/TUNOCENT/tunocent-content/vicav_profiles/tunocent/vicav_profile_nadhour.xml: Referenced file Nadhour7.jpg not found
WARNING: /home/danielschopper/data/TUNOCENT/tunocent-content/vicav_profiles/tunocent/vicav_profile_nadhour.xml: Referenced file Nadhour8.jpg not found
INFO: Processing vicav_profile_nefza.xml...
WARNING: /home/danielschopper/data/TUNOCENT/tunocent-content/vicav_profiles/tunocent/vicav_profile_nefza.xml: Referenced file Nefza1.jpg not found
INFO: Processing vicav_profile_ouledali.xml...
WARNING: /home/danielschopper/data/TUNOCENT/tunocent-content/vicav_profiles/tunocent/vicav_profile_ouledali.xml: Referenced file OuledAli1.jpg not found
WARNING: /home/danielschopper/data/TUNOCENT/tunocent-content/vicav_profiles/tunocent/vicav_profile_ouledali.xml: Referenced file OuledAli2.jpg not found
WARNING: /home/danielschopper/data/TUNOCENT/tunocent-content/vicav_profiles/tunocent/vicav_profile_ouledali.xml: Referenced file OuledAli3.jpg not found
WARNING: /home/danielschopper/data/TUNOCENT/tunocent-content/vicav_profiles/tunocent/vicav_profile_ouledali.xml: Referenced file OuledAli4.jpg not found
WARNING: /home/danielschopper/data/TUNOCENT/tunocent-content/vicav_profiles/tunocent/vicav_profile_ouledali.xml: Referenced file OuledAli5.jpg not found
INFO: Processing vicav_profile_ouledsaid.xml...
WARNING: /home/danielschopper/data/TUNOCENT/tunocent-content/vicav_profiles/tunocent/vicav_profile_ouledsaid.xml: Referenced file Ouled Said1.jpg not found
WARNING: /home/danielschopper/data/TUNOCENT/tunocent-content/vicav_profiles/tunocent/vicav_profile_ouledsaid.xml: Referenced file Ouled Said2.jpg not found
WARNING: /home/danielschopper/data/TUNOCENT/tunocent-content/vicav_profiles/tunocent/vicav_profile_ouledsaid.xml: Referenced file Ouled Said3.jpg not found
WARNING: /home/danielschopper/data/TUNOCENT/tunocent-content/vicav_profiles/tunocent/vicav_profile_ouledsaid.xml: Referenced file Ouled Said4.jpg not found
WARNING: /home/danielschopper/data/TUNOCENT/tunocent-content/vicav_profiles/tunocent/vicav_profile_ouledsaid.xml: Referenced file Ouled Said5.jpg not found
WARNING: /home/danielschopper/data/TUNOCENT/tunocent-content/vicav_profiles/tunocent/vicav_profile_ouledsaid.xml: Referenced file Ouled Said6.jpg not found
WARNING: /home/danielschopper/data/TUNOCENT/tunocent-content/vicav_profiles/tunocent/vicav_profile_ouledsaid.xml: Referenced file Ouled Said7.jpg not found
WARNING: /home/danielschopper/data/TUNOCENT/tunocent-content/vicav_profiles/tunocent/vicav_profile_ouledsaid.xml: Referenced file Ouled Said8.jpg not found
WARNING: /home/danielschopper/data/TUNOCENT/tunocent-content/vicav_profiles/tunocent/vicav_profile_ouledsaid.xml: Referenced file Ouled Said9.jpg not found
WARNING: /home/danielschopper/data/TUNOCENT/tunocent-content/vicav_profiles/tunocent/vicav_profile_ouledsaid.xml: Referenced file Ouled Said10.jpg not found
WARNING: /home/danielschopper/data/TUNOCENT/tunocent-content/vicav_profiles/tunocent/vicav_profile_ouledsaid.xml: Referenced file Ouled Said11.jpg not found
WARNING: /home/danielschopper/data/TUNOCENT/tunocent-content/vicav_profiles/tunocent/vicav_profile_ouledsaid.xml: Referenced file Ouled Said12.jpg not found
WARNING: /home/danielschopper/data/TUNOCENT/tunocent-content/vicav_profiles/tunocent/vicav_profile_ouledsaid.xml: Referenced file Ouled Said13.jpg not found
WARNING: /home/danielschopper/data/TUNOCENT/tunocent-content/vicav_profiles/tunocent/vicav_profile_ouledsaid.xml: Referenced file Ouled Said14.jpg not found
INFO: Processing vicav_profile_redeyef.xml...
WARNING: /home/danielschopper/data/TUNOCENT/tunocent-content/vicav_profiles/tunocent/vicav_profile_redeyef.xml: Referenced file Redeyef1.jpg not found
WARNING: /home/danielschopper/data/TUNOCENT/tunocent-content/vicav_profiles/tunocent/vicav_profile_redeyef.xml: Referenced file thumb/Redeyef-map.jpg not found
WARNING: /home/danielschopper/data/TUNOCENT/tunocent-content/vicav_profiles/tunocent/vicav_profile_redeyef.xml: Referenced file Redeyef-color-train.jpg not found
WARNING: /home/danielschopper/data/TUNOCENT/tunocent-content/vicav_profiles/tunocent/vicav_profile_redeyef.xml: Referenced file Redeyef-landscape.jpg not found
WARNING: /home/danielschopper/data/TUNOCENT/tunocent-content/vicav_profiles/tunocent/vicav_profile_redeyef.xml: Referenced file Redeyef-Lampshades.jpg not found
WARNING: /home/danielschopper/data/TUNOCENT/tunocent-content/vicav_profiles/tunocent/vicav_profile_redeyef.xml: Referenced file Redeyef-roundabout.jpg not found
WARNING: /home/danielschopper/data/TUNOCENT/tunocent-content/vicav_profiles/tunocent/vicav_profile_redeyef.xml: Referenced file Redeyef-man.jpg not found
WARNING: /home/danielschopper/data/TUNOCENT/tunocent-content/vicav_profiles/tunocent/vicav_profile_redeyef.xml: Referenced file Redeyef-city-hall.jpg not found
WARNING: /home/danielschopper/data/TUNOCENT/tunocent-content/vicav_profiles/tunocent/vicav_profile_redeyef.xml: Referenced file Redeyef-bath.jpg not found
WARNING: /home/danielschopper/data/TUNOCENT/tunocent-content/vicav_profiles/tunocent/vicav_profile_redeyef.xml: Referenced file Redeyef-fight-club.jpg not found
WARNING: /home/danielschopper/data/TUNOCENT/tunocent-content/vicav_profiles/tunocent/vicav_profile_redeyef.xml: Referenced file Redeyef-bin.jpg not found
WARNING: /home/danielschopper/data/TUNOCENT/tunocent-content/vicav_profiles/tunocent/vicav_profile_redeyef.xml: Referenced file Redeyef-graffiti.jpg not found
WARNING: /home/danielschopper/data/TUNOCENT/tunocent-content/vicav_profiles/tunocent/vicav_profile_redeyef.xml: Referenced file Redeyef-sign.jpg not found
WARNING: /home/danielschopper/data/TUNOCENT/tunocent-content/vicav_profiles/tunocent/vicav_profile_redeyef.xml: Referenced file Redeyef-hand-drum.jpg not found
WARNING: /home/danielschopper/data/TUNOCENT/tunocent-content/vicav_profiles/tunocent/vicav_profile_redeyef.xml: Referenced file Redeyef-girls.jpg not found
WARNING: /home/danielschopper/data/TUNOCENT/tunocent-content/vicav_profiles/tunocent/vicav_profile_redeyef.xml: Referenced file Redeyef-bride.jpg not found
WARNING: /home/danielschopper/data/TUNOCENT/tunocent-content/vicav_profiles/tunocent/vicav_profile_redeyef.xml: Referenced file Redeyef-map.jpg not found
WARNING: /home/danielschopper/data/TUNOCENT/tunocent-content/vicav_profiles/tunocent/vicav_profile_redeyef.xml: Referenced file Redeyef-color-train.jpg not found
WARNING: /home/danielschopper/data/TUNOCENT/tunocent-content/vicav_profiles/tunocent/vicav_profile_redeyef.xml: Referenced file Redeyef-landscape.jpg not found
WARNING: /home/danielschopper/data/TUNOCENT/tunocent-content/vicav_profiles/tunocent/vicav_profile_redeyef.xml: Referenced file Redeyef-Lampshades.jpg not found
WARNING: /home/danielschopper/data/TUNOCENT/tunocent-content/vicav_profiles/tunocent/vicav_profile_redeyef.xml: Referenced file Redeyef-roundabout.jpg not found
WARNING: /home/danielschopper/data/TUNOCENT/tunocent-content/vicav_profiles/tunocent/vicav_profile_redeyef.xml: Referenced file Redeyef-man.jpg not found
WARNING: /home/danielschopper/data/TUNOCENT/tunocent-content/vicav_profiles/tunocent/vicav_profile_redeyef.xml: Referenced file Redeyef-city-hall.jpg not found
WARNING: /home/danielschopper/data/TUNOCENT/tunocent-content/vicav_profiles/tunocent/vicav_profile_redeyef.xml: Referenced file Redeyef-bath.jpg not found
WARNING: /home/danielschopper/data/TUNOCENT/tunocent-content/vicav_profiles/tunocent/vicav_profile_redeyef.xml: Referenced file Redeyef-fight-club.jpg not found
WARNING: /home/danielschopper/data/TUNOCENT/tunocent-content/vicav_profiles/tunocent/vicav_profile_redeyef.xml: Referenced file Redeyef-bin.jpg not found
WARNING: /home/danielschopper/data/TUNOCENT/tunocent-content/vicav_profiles/tunocent/vicav_profile_redeyef.xml: Referenced file Redeyef-graffiti.jpg not found
WARNING: /home/danielschopper/data/TUNOCENT/tunocent-content/vicav_profiles/tunocent/vicav_profile_redeyef.xml: Referenced file Redeyef-sign.jpg not found
WARNING: /home/danielschopper/data/TUNOCENT/tunocent-content/vicav_profiles/tunocent/vicav_profile_redeyef.xml: Referenced file Redeyef-hand-drum.jpg not found
WARNING: /home/danielschopper/data/TUNOCENT/tunocent-content/vicav_profiles/tunocent/vicav_profile_redeyef.xml: Referenced file Redeyef-girls.jpg not found
WARNING: /home/danielschopper/data/TUNOCENT/tunocent-content/vicav_profiles/tunocent/vicav_profile_redeyef.xml: Referenced file Redeyef-bride.jpg not found
INFO: Processing vicav_profile_regueb.xml...
WARNING: /home/danielschopper/data/TUNOCENT/tunocent-content/vicav_profiles/tunocent/vicav_profile_regueb.xml: Referenced file Regueb1.jpg not found
WARNING: /home/danielschopper/data/TUNOCENT/tunocent-content/vicav_profiles/tunocent/vicav_profile_regueb.xml: Referenced file Regueb2.jpg not found
INFO: Processing vicav_profile_rouhia.xml...
WARNING: /home/danielschopper/data/TUNOCENT/tunocent-content/vicav_profiles/tunocent/vicav_profile_rouhia.xml: Referenced file Rouhia1.jpg not found
WARNING: /home/danielschopper/data/TUNOCENT/tunocent-content/vicav_profiles/tunocent/vicav_profile_rouhia.xml: Referenced file Rouhiya-building.jpg not found
WARNING: /home/danielschopper/data/TUNOCENT/tunocent-content/vicav_profiles/tunocent/vicav_profile_rouhia.xml: Referenced file Rouhiya-Ilona-mit-mann-1.jpg not found
WARNING: /home/danielschopper/data/TUNOCENT/tunocent-content/vicav_profiles/tunocent/vicav_profile_rouhia.xml: Referenced file Rouhiya-Ilona-locals.jpg not found
WARNING: /home/danielschopper/data/TUNOCENT/tunocent-content/vicav_profiles/tunocent/vicav_profile_rouhia.xml: Referenced file Rouhiya-family.jpg not found
WARNING: /home/danielschopper/data/TUNOCENT/tunocent-content/vicav_profiles/tunocent/vicav_profile_rouhia.xml: Referenced file Rouhiya-donkey.jpg not found
WARNING: /home/danielschopper/data/TUNOCENT/tunocent-content/vicav_profiles/tunocent/vicav_profile_rouhia.xml: Referenced file Rouhiya-building.jpg not found
WARNING: /home/danielschopper/data/TUNOCENT/tunocent-content/vicav_profiles/tunocent/vicav_profile_rouhia.xml: Referenced file Rouhiya-Ilona-mit-mann-1.jpg not found
WARNING: /home/danielschopper/data/TUNOCENT/tunocent-content/vicav_profiles/tunocent/vicav_profile_rouhia.xml: Referenced file Rouhiya-Ilona-locals.jpg not found
WARNING: /home/danielschopper/data/TUNOCENT/tunocent-content/vicav_profiles/tunocent/vicav_profile_rouhia.xml: Referenced file Rouhiya-family.jpg not found
WARNING: /home/danielschopper/data/TUNOCENT/tunocent-content/vicav_profiles/tunocent/vicav_profile_rouhia.xml: Referenced file Rouhiya-donkey.jpg not found
INFO: Processing vicav_profile_sakiet.xml...
WARNING: /home/danielschopper/data/TUNOCENT/tunocent-content/vicav_profiles/tunocent/vicav_profile_sakiet.xml: Referenced file thumb/Park_4.jpg not found
WARNING: /home/danielschopper/data/TUNOCENT/tunocent-content/vicav_profiles/tunocent/vicav_profile_sakiet.xml: Referenced file thumb/Park.jpg not found
WARNING: /home/danielschopper/data/TUNOCENT/tunocent-content/vicav_profiles/tunocent/vicav_profile_sakiet.xml: Referenced file thumb/Park_3.jpg not found
WARNING: /home/danielschopper/data/TUNOCENT/tunocent-content/vicav_profiles/tunocent/vicav_profile_sakiet.xml: Referenced file thumb/Mosque.jpg not found
WARNING: /home/danielschopper/data/TUNOCENT/tunocent-content/vicav_profiles/tunocent/vicav_profile_sakiet.xml: Referenced file thumb/Impressions_of_Saqiat_11.jpg not found
WARNING: /home/danielschopper/data/TUNOCENT/tunocent-content/vicav_profiles/tunocent/vicav_profile_sakiet.xml: Referenced file thumb/Impressions_of_Saqiat_7.jpg not found
WARNING: /home/danielschopper/data/TUNOCENT/tunocent-content/vicav_profiles/tunocent/vicav_profile_sakiet.xml: Referenced file thumb/Impressions_of_Saqiat_10.jpg not found
WARNING: /home/danielschopper/data/TUNOCENT/tunocent-content/vicav_profiles/tunocent/vicav_profile_sakiet.xml: Referenced file thumb/Impressions_of_Saqiat_1.jpg not found
WARNING: /home/danielschopper/data/TUNOCENT/tunocent-content/vicav_profiles/tunocent/vicav_profile_sakiet.xml: Referenced file thumb/In_the_woods_of_Saqiat.jpg not found
WARNING: /home/danielschopper/data/TUNOCENT/tunocent-content/vicav_profiles/tunocent/vicav_profile_sakiet.xml: Referenced file thumb/Pine_tree.jpg not found
WARNING: /home/danielschopper/data/TUNOCENT/tunocent-content/vicav_profiles/tunocent/vicav_profile_sakiet.xml: Referenced file thumb/Pine_cone.jpg not found
WARNING: /home/danielschopper/data/TUNOCENT/tunocent-content/vicav_profiles/tunocent/vicav_profile_sakiet.xml: Referenced file thumb/View_over_Segya_from_top.jpg not found
WARNING: /home/danielschopper/data/TUNOCENT/tunocent-content/vicav_profiles/tunocent/vicav_profile_sakiet.xml: Referenced file thumb/Roundabout.jpg not found
WARNING: /home/danielschopper/data/TUNOCENT/tunocent-content/vicav_profiles/tunocent/vicav_profile_sakiet.xml: Referenced file thumb/Location_on_the_border.jpg not found
WARNING: /home/danielschopper/data/TUNOCENT/tunocent-content/vicav_profiles/tunocent/vicav_profile_sakiet.xml: Referenced file thumb/Cemetry_of_Segya.jpg not found
WARNING: /home/danielschopper/data/TUNOCENT/tunocent-content/vicav_profiles/tunocent/vicav_profile_sakiet.xml: Referenced file thumb/7oumna.jpg not found
WARNING: /home/danielschopper/data/TUNOCENT/tunocent-content/vicav_profiles/tunocent/vicav_profile_sakiet.xml: Referenced file Park_4.jpg not found
WARNING: /home/danielschopper/data/TUNOCENT/tunocent-content/vicav_profiles/tunocent/vicav_profile_sakiet.xml: Referenced file Park.jpg not found
WARNING: /home/danielschopper/data/TUNOCENT/tunocent-content/vicav_profiles/tunocent/vicav_profile_sakiet.xml: Referenced file Park_3.jpg not found
WARNING: /home/danielschopper/data/TUNOCENT/tunocent-content/vicav_profiles/tunocent/vicav_profile_sakiet.xml: Referenced file Mosque.jpg not found
WARNING: /home/danielschopper/data/TUNOCENT/tunocent-content/vicav_profiles/tunocent/vicav_profile_sakiet.xml: Referenced file Impressions_of_Saqiat_11.jpg not found
WARNING: /home/danielschopper/data/TUNOCENT/tunocent-content/vicav_profiles/tunocent/vicav_profile_sakiet.xml: Referenced file Impressions_of_Saqiat_7.jpg not found
WARNING: /home/danielschopper/data/TUNOCENT/tunocent-content/vicav_profiles/tunocent/vicav_profile_sakiet.xml: Referenced file Impressions_of_Saqiat_10.jpg not found
WARNING: /home/danielschopper/data/TUNOCENT/tunocent-content/vicav_profiles/tunocent/vicav_profile_sakiet.xml: Referenced file Impressions_of_Saqiat_1.jpg not found
WARNING: /home/danielschopper/data/TUNOCENT/tunocent-content/vicav_profiles/tunocent/vicav_profile_sakiet.xml: Referenced file In_the_woods_of_Saqiat.jpg not found
WARNING: /home/danielschopper/data/TUNOCENT/tunocent-content/vicav_profiles/tunocent/vicav_profile_sakiet.xml: Referenced file Pine_tree.jpg not found
WARNING: /home/danielschopper/data/TUNOCENT/tunocent-content/vicav_profiles/tunocent/vicav_profile_sakiet.xml: Referenced file Pine_cone.jpg not found
WARNING: /home/danielschopper/data/TUNOCENT/tunocent-content/vicav_profiles/tunocent/vicav_profile_sakiet.xml: Referenced file View_over_Segya_from_top.jpg not found
WARNING: /home/danielschopper/data/TUNOCENT/tunocent-content/vicav_profiles/tunocent/vicav_profile_sakiet.xml: Referenced file Roundabout.jpg not found
WARNING: /home/danielschopper/data/TUNOCENT/tunocent-content/vicav_profiles/tunocent/vicav_profile_sakiet.xml: Referenced file Location_on_the_border.jpg not found
WARNING: /home/danielschopper/data/TUNOCENT/tunocent-content/vicav_profiles/tunocent/vicav_profile_sakiet.xml: Referenced file Cemetry_of_Segya.jpg not found
WARNING: /home/danielschopper/data/TUNOCENT/tunocent-content/vicav_profiles/tunocent/vicav_profile_sakiet.xml: Referenced file 7oumna.jpg not found
INFO: Processing vicav_profile_santaj.xml...
WARNING: /home/danielschopper/data/TUNOCENT/tunocent-content/vicav_profiles/tunocent/vicav_profile_santaj.xml: Referenced file Santaj1.jpg not found
WARNING: /home/danielschopper/data/TUNOCENT/tunocent-content/vicav_profiles/tunocent/vicav_profile_santaj.xml: Referenced file Santaj2.jpg not found
WARNING: /home/danielschopper/data/TUNOCENT/tunocent-content/vicav_profiles/tunocent/vicav_profile_santaj.xml: Referenced file Santaj3.jpg not found
WARNING: /home/danielschopper/data/TUNOCENT/tunocent-content/vicav_profiles/tunocent/vicav_profile_santaj.xml: Referenced file Santaj4.jpg not found
WARNING: /home/danielschopper/data/TUNOCENT/tunocent-content/vicav_profiles/tunocent/vicav_profile_santaj.xml: Referenced file Santaj5.jpg not found
WARNING: /home/danielschopper/data/TUNOCENT/tunocent-content/vicav_profiles/tunocent/vicav_profile_santaj.xml: Referenced file Santaj6.jpg not found
INFO: Processing vicav_profile_sbeitla.xml...
WARNING: /home/danielschopper/data/TUNOCENT/tunocent-content/vicav_profiles/tunocent/vicav_profile_sbeitla.xml: Referenced file Sbeitla4.jpg not found
WARNING: /home/danielschopper/data/TUNOCENT/tunocent-content/vicav_profiles/tunocent/vicav_profile_sbeitla.xml: Referenced file Sbeitla6.jpg not found
WARNING: /home/danielschopper/data/TUNOCENT/tunocent-content/vicav_profiles/tunocent/vicav_profile_sbeitla.xml: Referenced file Sbeitla8.jpg not found
INFO: Processing vicav_profile_sbiat.xml...
WARNING: /home/danielschopper/data/TUNOCENT/tunocent-content/vicav_profiles/tunocent/vicav_profile_sbiat.xml: Referenced file Sbiat1.jpg not found
INFO: Processing vicav_profile_sbiba.xml...
WARNING: /home/danielschopper/data/TUNOCENT/tunocent-content/vicav_profiles/tunocent/vicav_profile_sbiba.xml: Referenced file I-love-Sbiba.jpg not found
WARNING: /home/danielschopper/data/TUNOCENT/tunocent-content/vicav_profiles/tunocent/vicav_profile_sbiba.xml: Referenced file thumb/The-Smile-of-Sbiba.jpg not found
WARNING: /home/danielschopper/data/TUNOCENT/tunocent-content/vicav_profiles/tunocent/vicav_profile_sbiba.xml: Referenced file thumb/Sbiba-arts-2.jpg not found
WARNING: /home/danielschopper/data/TUNOCENT/tunocent-content/vicav_profiles/tunocent/vicav_profile_sbiba.xml: Referenced file thumb/Sbiba-arts-3.jpg not found
WARNING: /home/danielschopper/data/TUNOCENT/tunocent-content/vicav_profiles/tunocent/vicav_profile_sbiba.xml: Referenced file thumb/Sbiba-arts-4.jpg not found
WARNING: /home/danielschopper/data/TUNOCENT/tunocent-content/vicav_profiles/tunocent/vicav_profile_sbiba.xml: Referenced file thumb/Sbiba-arts-5.jpg not found
WARNING: /home/danielschopper/data/TUNOCENT/tunocent-content/vicav_profiles/tunocent/vicav_profile_sbiba.xml: Referenced file thumb/Sbiba-arts-6.jpg not found
WARNING: /home/danielschopper/data/TUNOCENT/tunocent-content/vicav_profiles/tunocent/vicav_profile_sbiba.xml: Referenced file thumb/Sbiba-arts.jpg not found
WARNING: /home/danielschopper/data/TUNOCENT/tunocent-content/vicav_profiles/tunocent/vicav_profile_sbiba.xml: Referenced file thumb/Sbiba's_roundabout_with_an_apple.jpg not found
WARNING: /home/danielschopper/data/TUNOCENT/tunocent-content/vicav_profiles/tunocent/vicav_profile_sbiba.xml: Referenced file thumb/Park_4.jpg not found
WARNING: /home/danielschopper/data/TUNOCENT/tunocent-content/vicav_profiles/tunocent/vicav_profile_sbiba.xml: Referenced file thumb/Park_3.jpg not found
WARNING: /home/danielschopper/data/TUNOCENT/tunocent-content/vicav_profiles/tunocent/vicav_profile_sbiba.xml: Referenced file thumb/Sbiba.jpg not found
WARNING: /home/danielschopper/data/TUNOCENT/tunocent-content/vicav_profiles/tunocent/vicav_profile_sbiba.xml: Referenced file thumb/I_love_Sbiba.jpg not found
WARNING: /home/danielschopper/data/TUNOCENT/tunocent-content/vicav_profiles/tunocent/vicav_profile_sbiba.xml: Referenced file thumb/Park.jpg not found
WARNING: /home/danielschopper/data/TUNOCENT/tunocent-content/vicav_profiles/tunocent/vicav_profile_sbiba.xml: Referenced file thumb/Pool.jpg not found
WARNING: /home/danielschopper/data/TUNOCENT/tunocent-content/vicav_profiles/tunocent/vicav_profile_sbiba.xml: Referenced file The-Smile-of-Sbiba.jpg not found
WARNING: /home/danielschopper/data/TUNOCENT/tunocent-content/vicav_profiles/tunocent/vicav_profile_sbiba.xml: Referenced file Sbiba-arts-2.jpg not found
WARNING: /home/danielschopper/data/TUNOCENT/tunocent-content/vicav_profiles/tunocent/vicav_profile_sbiba.xml: Referenced file Sbiba-arts-3.jpg not found
WARNING: /home/danielschopper/data/TUNOCENT/tunocent-content/vicav_profiles/tunocent/vicav_profile_sbiba.xml: Referenced file Sbiba-arts-4.jpg not found
WARNING: /home/danielschopper/data/TUNOCENT/tunocent-content/vicav_profiles/tunocent/vicav_profile_sbiba.xml: Referenced file Sbiba-arts-5.jpg not found
WARNING: /home/danielschopper/data/TUNOCENT/tunocent-content/vicav_profiles/tunocent/vicav_profile_sbiba.xml: Referenced file Sbiba-arts-6.jpg not found
WARNING: /home/danielschopper/data/TUNOCENT/tunocent-content/vicav_profiles/tunocent/vicav_profile_sbiba.xml: Referenced file Sbiba-arts.jpg not found
WARNING: /home/danielschopper/data/TUNOCENT/tunocent-content/vicav_profiles/tunocent/vicav_profile_sbiba.xml: Referenced file Sbiba's_roundabout_with_an_apple.jpg not found
WARNING: /home/danielschopper/data/TUNOCENT/tunocent-content/vicav_profiles/tunocent/vicav_profile_sbiba.xml: Referenced file Park_4.jpg not found
WARNING: /home/danielschopper/data/TUNOCENT/tunocent-content/vicav_profiles/tunocent/vicav_profile_sbiba.xml: Referenced file Park_3.jpg not found
WARNING: /home/danielschopper/data/TUNOCENT/tunocent-content/vicav_profiles/tunocent/vicav_profile_sbiba.xml: Referenced file Sbiba.jpg not found
WARNING: /home/danielschopper/data/TUNOCENT/tunocent-content/vicav_profiles/tunocent/vicav_profile_sbiba.xml: Referenced file I_love_Sbiba.jpg not found
WARNING: /home/danielschopper/data/TUNOCENT/tunocent-content/vicav_profiles/tunocent/vicav_profile_sbiba.xml: Referenced file Park.jpg not found
WARNING: /home/danielschopper/data/TUNOCENT/tunocent-content/vicav_profiles/tunocent/vicav_profile_sbiba.xml: Referenced file Pool.jpg not found
INFO: Processing vicav_profile_sers.xml...
INFO: Processing vicav_profile_shikh.xml...
WARNING: /home/danielschopper/data/TUNOCENT/tunocent-content/vicav_profiles/tunocent/vicav_profile_shikh.xml: Referenced file Shikh1.jpg not found
WARNING: /home/danielschopper/data/TUNOCENT/tunocent-content/vicav_profiles/tunocent/vicav_profile_shikh.xml: Referenced file Shikh2.jpg not found
WARNING: /home/danielschopper/data/TUNOCENT/tunocent-content/vicav_profiles/tunocent/vicav_profile_shikh.xml: Referenced file Shikh3.jpg not found
WARNING: /home/danielschopper/data/TUNOCENT/tunocent-content/vicav_profiles/tunocent/vicav_profile_shikh.xml: Referenced file Shikh4.jpg not found
INFO: Processing vicav_profile_shlihat.xml...
WARNING: /home/danielschopper/data/TUNOCENT/tunocent-content/vicav_profiles/tunocent/vicav_profile_shlihat.xml: Referenced file Shlihat_almonds-cultivation.jpg not found
WARNING: /home/danielschopper/data/TUNOCENT/tunocent-content/vicav_profiles/tunocent/vicav_profile_shlihat.xml: Referenced file Harvesting_crops.jpg not found
WARNING: /home/danielschopper/data/TUNOCENT/tunocent-content/vicav_profiles/tunocent/vicav_profile_shlihat.xml: Referenced file Planted_salad.jpg not found
WARNING: /home/danielschopper/data/TUNOCENT/tunocent-content/vicav_profiles/tunocent/vicav_profile_shlihat.xml: Referenced file Grazing_sheep.jpg not found
WARNING: /home/danielschopper/data/TUNOCENT/tunocent-content/vicav_profiles/tunocent/vicav_profile_shlihat.xml: Referenced file Growing_tomatos.jpg not found
WARNING: /home/danielschopper/data/TUNOCENT/tunocent-content/vicav_profiles/tunocent/vicav_profile_shlihat.xml: Referenced file Organic_farming.jpg not found
WARNING: /home/danielschopper/data/TUNOCENT/tunocent-content/vicav_profiles/tunocent/vicav_profile_shlihat.xml: Referenced file Cute_cat_(1).jpg not found
WARNING: /home/danielschopper/data/TUNOCENT/tunocent-content/vicav_profiles/tunocent/vicav_profile_shlihat.xml: Referenced file Harvesting_crops.jpg not found
WARNING: /home/danielschopper/data/TUNOCENT/tunocent-content/vicav_profiles/tunocent/vicav_profile_shlihat.xml: Referenced file Planted_salad.jpg not found
WARNING: /home/danielschopper/data/TUNOCENT/tunocent-content/vicav_profiles/tunocent/vicav_profile_shlihat.xml: Referenced file Grazing_sheep.jpg not found
WARNING: /home/danielschopper/data/TUNOCENT/tunocent-content/vicav_profiles/tunocent/vicav_profile_shlihat.xml: Referenced file Growing_tomatos.jpg not found
WARNING: /home/danielschopper/data/TUNOCENT/tunocent-content/vicav_profiles/tunocent/vicav_profile_shlihat.xml: Referenced file Organic_farming.jpg not found
WARNING: /home/danielschopper/data/TUNOCENT/tunocent-content/vicav_profiles/tunocent/vicav_profile_shlihat.xml: Referenced file Cute_cat_(1).jpg not found
INFO: Processing vicav_profile_shmeysiya.xml...
WARNING: /home/danielschopper/data/TUNOCENT/tunocent-content/vicav_profiles/tunocent/vicav_profile_shmeysiya.xml: Referenced file Animals-of-Shmaysiya-1-1024x827.jpg not found
WARNING: /home/danielschopper/data/TUNOCENT/tunocent-content/vicav_profiles/tunocent/vicav_profile_shmeysiya.xml: Referenced file Animals_of_Shmaysiya_(3).jpg not found
WARNING: /home/danielschopper/data/TUNOCENT/tunocent-content/vicav_profiles/tunocent/vicav_profile_shmeysiya.xml: Referenced file Animals_of_Shmaysiya_(2).jpg not found
WARNING: /home/danielschopper/data/TUNOCENT/tunocent-content/vicav_profiles/tunocent/vicav_profile_shmeysiya.xml: Referenced file Animals_of_Shmaysiya_(4).jpg not found
WARNING: /home/danielschopper/data/TUNOCENT/tunocent-content/vicav_profiles/tunocent/vicav_profile_shmeysiya.xml: Referenced file Animals_of_Shmaysiya_(3).jpg not found
WARNING: /home/danielschopper/data/TUNOCENT/tunocent-content/vicav_profiles/tunocent/vicav_profile_shmeysiya.xml: Referenced file Animals_of_Shmaysiya_(2).jpg not found
WARNING: /home/danielschopper/data/TUNOCENT/tunocent-content/vicav_profiles/tunocent/vicav_profile_shmeysiya.xml: Referenced file Animals_of_Shmaysiya_(4).jpg not found
INFO: Processing vicav_profile_sidialibenaoun.xml...
WARNING: /home/danielschopper/data/TUNOCENT/tunocent-content/vicav_profiles/tunocent/vicav_profile_sidialibenaoun.xml: Referenced file SidiAliBenAoun1.jpg not found
WARNING: /home/danielschopper/data/TUNOCENT/tunocent-content/vicav_profiles/tunocent/vicav_profile_sidialibenaoun.xml: Referenced file SidiAliBenAoun2.jpg not found
WARNING: /home/danielschopper/data/TUNOCENT/tunocent-content/vicav_profiles/tunocent/vicav_profile_sidialibenaoun.xml: Referenced file SidiAliBenAoun3.jpg not found
WARNING: /home/danielschopper/data/TUNOCENT/tunocent-content/vicav_profiles/tunocent/vicav_profile_sidialibenaoun.xml: Referenced file SidiAliBenAoun9.jpg not found
INFO: Processing vicav_profile_sidibouzid.xml...
WARNING: /home/danielschopper/data/TUNOCENT/tunocent-content/vicav_profiles/tunocent/vicav_profile_sidibouzid.xml: Referenced file SidiBouzid1.jpg not found
INFO: Processing vicav_profile_sidihmada.xml...
WARNING: /home/danielschopper/data/TUNOCENT/tunocent-content/vicav_profiles/tunocent/vicav_profile_sidihmada.xml: Referenced file SidiHmada1.jpg not found
WARNING: /home/danielschopper/data/TUNOCENT/tunocent-content/vicav_profiles/tunocent/vicav_profile_sidihmada.xml: Referenced file SidiHmada-2.jpg not found
WARNING: /home/danielschopper/data/TUNOCENT/tunocent-content/vicav_profiles/tunocent/vicav_profile_sidihmada.xml: Referenced file IMG_4580-scaled.jpg not found
WARNING: /home/danielschopper/data/TUNOCENT/tunocent-content/vicav_profiles/tunocent/vicav_profile_sidihmada.xml: Referenced file old_sidihmeda-scaled-e1581594838561.jpg not found
WARNING: /home/danielschopper/data/TUNOCENT/tunocent-content/vicav_profiles/tunocent/vicav_profile_sidihmada.xml: Referenced file kids_sidihmeda-scaled-e1581594155259.jpg not found
WARNING: /home/danielschopper/data/TUNOCENT/tunocent-content/vicav_profiles/tunocent/vicav_profile_sidihmada.xml: Referenced file SidiHmada-2.jpg not found
WARNING: /home/danielschopper/data/TUNOCENT/tunocent-content/vicav_profiles/tunocent/vicav_profile_sidihmada.xml: Referenced file IMG_4580-scaled.jpg not found
WARNING: /home/danielschopper/data/TUNOCENT/tunocent-content/vicav_profiles/tunocent/vicav_profile_sidihmada.xml: Referenced file old_sidihmeda-scaled-e1581594838561.jpg not found
WARNING: /home/danielschopper/data/TUNOCENT/tunocent-content/vicav_profiles/tunocent/vicav_profile_sidihmada.xml: Referenced file kids_sidihmeda-scaled-e1581594155259.jpg not found
INFO: Processing vicav_profile_sidishil.xml...
WARNING: /home/danielschopper/data/TUNOCENT/tunocent-content/vicav_profiles/tunocent/vicav_profile_sidishil.xml: Referenced file SidiShil1.jpg not found
WARNING: /home/danielschopper/data/TUNOCENT/tunocent-content/vicav_profiles/tunocent/vicav_profile_sidishil.xml: Referenced file Impressions_of_Sidi_Shil_(4).jpg not found
WARNING: /home/danielschopper/data/TUNOCENT/tunocent-content/vicav_profiles/tunocent/vicav_profile_sidishil.xml: Referenced file Old_wall.jpg not found
WARNING: /home/danielschopper/data/TUNOCENT/tunocent-content/vicav_profiles/tunocent/vicav_profile_sidishil.xml: Referenced file Impressions_of_Sidi_Shil_(3).jpg not found
WARNING: /home/danielschopper/data/TUNOCENT/tunocent-content/vicav_profiles/tunocent/vicav_profile_sidishil.xml: Referenced file Harmil.jpg not found
WARNING: /home/danielschopper/data/TUNOCENT/tunocent-content/vicav_profiles/tunocent/vicav_profile_sidishil.xml: Referenced file Impressions_of_Sidi_Shil_(4).jpg not found
WARNING: /home/danielschopper/data/TUNOCENT/tunocent-content/vicav_profiles/tunocent/vicav_profile_sidishil.xml: Referenced file Old_wall.jpg not found
WARNING: /home/danielschopper/data/TUNOCENT/tunocent-content/vicav_profiles/tunocent/vicav_profile_sidishil.xml: Referenced file Impressions_of_Sidi_Shil_(3).jpg not found
WARNING: /home/danielschopper/data/TUNOCENT/tunocent-content/vicav_profiles/tunocent/vicav_profile_sidishil.xml: Referenced file Harmil.jpg not found
INFO: Processing vicav_profile_siliana.xml...
WARNING: /home/danielschopper/data/TUNOCENT/tunocent-content/vicav_profiles/tunocent/vicav_profile_siliana.xml: Referenced file Siliana1.jpg not found
WARNING: /home/danielschopper/data/TUNOCENT/tunocent-content/vicav_profiles/tunocent/vicav_profile_siliana.xml: Referenced file IMG_4445-rotated.jpg not found
WARNING: /home/danielschopper/data/TUNOCENT/tunocent-content/vicav_profiles/tunocent/vicav_profile_siliana.xml: Referenced file IMG_4446-2-scaled.jpg not found
WARNING: /home/danielschopper/data/TUNOCENT/tunocent-content/vicav_profiles/tunocent/vicav_profile_siliana.xml: Referenced file Silyena-3.jpg not found
WARNING: /home/danielschopper/data/TUNOCENT/tunocent-content/vicav_profiles/tunocent/vicav_profile_siliana.xml: Referenced file Silyena-4.jpg not found
WARNING: /home/danielschopper/data/TUNOCENT/tunocent-content/vicav_profiles/tunocent/vicav_profile_siliana.xml: Referenced file Silyena-6-1_(1).jpg not found
WARNING: /home/danielschopper/data/TUNOCENT/tunocent-content/vicav_profiles/tunocent/vicav_profile_siliana.xml: Referenced file Silyena-7.jpg not found
WARNING: /home/danielschopper/data/TUNOCENT/tunocent-content/vicav_profiles/tunocent/vicav_profile_siliana.xml: Referenced file IMG_4445-rotated.jpg not found
WARNING: /home/danielschopper/data/TUNOCENT/tunocent-content/vicav_profiles/tunocent/vicav_profile_siliana.xml: Referenced file IMG_4446-2-scaled.jpg not found
WARNING: /home/danielschopper/data/TUNOCENT/tunocent-content/vicav_profiles/tunocent/vicav_profile_siliana.xml: Referenced file Silyena-3.jpg not found
WARNING: /home/danielschopper/data/TUNOCENT/tunocent-content/vicav_profiles/tunocent/vicav_profile_siliana.xml: Referenced file Silyena-4.jpg not found
WARNING: /home/danielschopper/data/TUNOCENT/tunocent-content/vicav_profiles/tunocent/vicav_profile_siliana.xml: Referenced file Silyena-6-1_(1).jpg not found
WARNING: /home/danielschopper/data/TUNOCENT/tunocent-content/vicav_profiles/tunocent/vicav_profile_siliana.xml: Referenced file Silyena-7.jpg not found
INFO: Processing vicav_profile_skhirat.xml...
WARNING: /home/danielschopper/data/TUNOCENT/tunocent-content/vicav_profiles/tunocent/vicav_profile_skhirat.xml: Referenced file Skhirat1.jpg not found
INFO: Processing vicav_profile_tabarka.xml...
WARNING: /home/danielschopper/data/TUNOCENT/tunocent-content/vicav_profiles/tunocent/vicav_profile_tabarka.xml: Referenced file Tabarka1.jpg not found
INFO: Processing vicav_profile_tajerouine.xml...
WARNING: /home/danielschopper/data/TUNOCENT/tunocent-content/vicav_profiles/tunocent/vicav_profile_tajerouine.xml: Referenced file Tajerouine1.jpg not found
WARNING: /home/danielschopper/data/TUNOCENT/tunocent-content/vicav_profiles/tunocent/vicav_profile_tajerouine.xml: Referenced file TAJEROUINE-1-scaled-e1585737722815-768x442.jpg not found
WARNING: /home/danielschopper/data/TUNOCENT/tunocent-content/vicav_profiles/tunocent/vicav_profile_tajerouine.xml: Referenced file TAJEROUINE-12-scaled-e1585738047932-300x300.jpg not found
WARNING: /home/danielschopper/data/TUNOCENT/tunocent-content/vicav_profiles/tunocent/vicav_profile_tajerouine.xml: Referenced file TAJEROUINE_fi-souq-1-scaled.jpg not found
WARNING: /home/danielschopper/data/TUNOCENT/tunocent-content/vicav_profiles/tunocent/vicav_profile_tajerouine.xml: Referenced file TAJEROUINE-1-scaled-e1585737722815.jpg not found
WARNING: /home/danielschopper/data/TUNOCENT/tunocent-content/vicav_profiles/tunocent/vicav_profile_tajerouine.xml: Referenced file TAJEROUINE-12-scaled-e1585738047932.jpg not found
WARNING: /home/danielschopper/data/TUNOCENT/tunocent-content/vicav_profiles/tunocent/vicav_profile_tajerouine.xml: Referenced file TAJEROUINE_fi-souq-1-scaled.jpg not found
INFO: Processing vicav_profile_tbainia.xml...
WARNING: /home/danielschopper/data/TUNOCENT/tunocent-content/vicav_profiles/tunocent/vicav_profile_tbainia.xml: Referenced file Tbainia1.jpg not found
INFO: Processing vicav_profile_teboursouk.xml...
WARNING: /home/danielschopper/data/TUNOCENT/tunocent-content/vicav_profiles/tunocent/vicav_profile_teboursouk.xml: Referenced file Teboursouk1.jpg not found
INFO: Processing vicav_profile_testour.xml...
WARNING: /home/danielschopper/data/TUNOCENT/tunocent-content/vicav_profiles/tunocent/vicav_profile_testour.xml: Referenced file Testour1.jpg not found
WARNING: /home/danielschopper/data/TUNOCENT/tunocent-content/vicav_profiles/tunocent/vicav_profile_testour.xml: Referenced file Testour_2-scaled-e1581591753519-300x278.jpg not found
WARNING: /home/danielschopper/data/TUNOCENT/tunocent-content/vicav_profiles/tunocent/vicav_profile_testour.xml: Referenced file Testour_2-scaled-e1581591753519.jpg not found
INFO: Processing completed.
INFO: No files were renamed.
